Image,ImageNumber,HighReferenceImage,NoiseType,Stage,Method,Sequence,Parameters,MSE,PSNR,MAE,StdContrast,GradientMean,GradientRatio,EdgeCorrelation,DarkPixelPercent,SaturatedPixelPercent,Comment
1_low.png,1,1_high.png,Gaussian noise,Noisy image,No filtering,,"",0.00366879991747734,24.3547597238276,0.0461114658810658,0.0931875397813549,0.0231283302062707,3.28354623615128,0.457555650637933,88.9416666666667,0,"Εικόνα μετά την τεχνητή προσθήκη θορύβου."
1_low.png,1,1_high.png,Gaussian noise,Denoising,Mean filter,filter only,"3x3 average kernel",0.00067976614448265,31.6764046910057,0.0209146735697034,0.0845884725536799,0.0101441271669173,1.44016927642016,0.692084326902845,87.6475,0,"Το φίλτρο μειώνει αισθητά τον θόρυβο, με κέρδος PSNR 7.32 dB. Οι ακμές παραμένουν έντονες, αλλά μπορεί να παραμένει και θόρυβος. Το mean filter εξομαλύνει τον θόρυβο αλλά συχνά θολώνει περισσότερο τις λεπτομέρειες."
1_low.png,1,1_high.png,Gaussian noise,Denoising,Gaussian filter,filter only,"sigma=1.0, filter size=5",0.000579875200184539,32.36665464546,0.0194220314155181,0.084193227003601,0.00910059207436898,1.29201782342422,0.713121854092029,87.5170833333333,0,"Το φίλτρο μειώνει αισθητά τον θόρυβο, με κέρδος PSNR 8.01 dB. Οι ακμές παραμένουν έντονες, αλλά μπορεί να παραμένει και θόρυβος. Το Gaussian filter είναι φυσική επιλογή για Gaussian θόρυβο."
1_low.png,1,1_high.png,Gaussian noise,Denoising,Median filter,filter only,"3x3 median",0.000812000859414168,30.9044351110534,0.022321476863042,0.090809654900782,0.0129428176848409,1.83750145017944,0.629385078105064,87.9295833333333,0,"Το φίλτρο μειώνει αισθητά τον θόρυβο, με κέρδος PSNR 6.55 dB. Οι ακμές παραμένουν έντονες, αλλά μπορεί να παραμένει και θόρυβος. Η καταλληλότητα εξαρτάται από το είδος του θορύβου και τη λεπτομέρεια της εικόνας."
1_low.png,1,1_high.png,Gaussian noise,Denoising,Wiener filter,filter only,"5x5 adaptive Wiener",0.000681103308354828,31.6678701019345,0.0204929665650562,0.084194127127026,0.00746229327575355,1.05942732484917,0.670973012394648,87.8329166666667,0,"Το φίλτρο μειώνει αισθητά τον θόρυβο, με κέρδος PSNR 7.31 dB. Η ένταση των ακμών διατηρείται σε λογικά επίπεδα. Το Wiener filter προσαρμόζεται στην τοπική διακύμανση της εικόνας."
1_low.png,1,1_high.png,Gaussian noise,Final enhanced image,Gaussian filter,denoise -> enhance,"gamma 0.6 + contrast stretch",0.00493029238834618,23.0712732435767,0.0541575831867983,0.186948740196035,0.0238467587974666,1.12380301181321,0.659396401196982,41.3708333333333,0,"Η σειρά πρώτα αποθορυβοποίηση και μετά ενίσχυση δίνει καλύτερη ποσοτική προσέγγιση στην καθαρή βελτιωμένη εικόνα. Για Gaussian noise με Gaussian filter, το PSNR είναι 23.07 dB."
1_low.png,1,1_high.png,Gaussian noise,Final enhanced image,Gaussian filter,enhance -> denoise,"gamma 0.6 + contrast stretch",0.011125122170911,19.5369521110108,0.0880713160345163,0.16030831504097,0.0202950447446705,0.956424837549309,0.671988426461165,60.5154166666667,0,"Η σειρά πρώτα αποθορυβοποίηση και μετά ενίσχυση δίνει καλύτερη ποσοτική προσέγγιση στην καθαρή βελτιωμένη εικόνα. Για Gaussian noise με Gaussian filter, το PSNR είναι 19.54 dB."
1_low.png,1,1_high.png,Gaussian noise,Final enhanced image,Median filter,denoise -> enhance,"gamma 0.6 + contrast stretch",0.00936790625242036,20.2835746403521,0.0774250425107169,0.201323646272084,0.037285018391604,1.75709480352722,0.51078483183177,48.7920833333333,0,"Η σειρά πρώτα αποθορυβοποίηση και μετά ενίσχυση δίνει καλύτερη ποσοτική προσέγγιση στην καθαρή βελτιωμένη εικόνα. Για Gaussian noise με Median filter, το PSNR είναι 20.28 dB."
1_low.png,1,1_high.png,Gaussian noise,Final enhanced image,Median filter,enhance -> denoise,"gamma 0.6 + contrast stretch",0.0138922465970869,18.5722751626226,0.0992644399184218,0.175210214598696,0.032448826527215,1.52918429254053,0.51078483183177,56.9583333333333,0,"Η σειρά πρώτα αποθορυβοποίηση και μετά ενίσχυση δίνει καλύτερη ποσοτική προσέγγιση στην καθαρή βελτιωμένη εικόνα. Για Gaussian noise με Median filter, το PSNR είναι 18.57 dB."
1_low.png,1,1_high.png,Salt & Pepper noise,Noisy image,No filtering,,"",0.0212241484898971,16.7316972457316,0.0251355010893246,0.129676007815058,0.0392077270904508,5.56635016742331,0.154448386890007,83.325,0.00291666666666667,"Εικόνα μετά την τεχνητή προσθήκη θορύβου."
1_low.png,1,1_high.png,Salt & Pepper noise,Denoising,Mean filter,filter only,"3x3 average kernel",0.00284366790814338,25.4612112316099,0.0287229411764706,0.0918596617496964,0.0195754252022175,2.77913767100986,0.319682806304341,86.34625,0,"Το φίλτρο μειώνει αισθητά τον θόρυβο, με κέρδος PSNR 8.73 dB. Οι ακμές παραμένουν έντονες, αλλά μπορεί να παραμένει και θόρυβος. Το mean filter εξομαλύνει τον θόρυβο αλλά συχνά θολώνει περισσότερο τις λεπτομέρειες."
1_low.png,1,1_high.png,Salt & Pepper noise,Denoising,Gaussian filter,filter only,"sigma=1.0, filter size=5",0.00224931241034283,26.4795022056913,0.0266415652071961,0.0902815576507232,0.0173027043923988,2.45647780778811,0.347025859022056,86.47875,0,"Το φίλτρο μειώνει αισθητά τον θόρυβο, με κέρδος PSNR 9.75 dB. Οι ακμές παραμένουν έντονες, αλλά μπορεί να παραμένει και θόρυβος. Η καταλληλότητα εξαρτάται από το είδος του θορύβου και τη λεπτομέρεια της εικόνας."
1_low.png,1,1_high.png,Salt & Pepper noise,Denoising,Median filter,filter only,"3x3 median",8.06141654919045e-05,40.9358863742043,0.00517645969498909,0.091065078086443,0.0053711026983894,0.762539443703414,0.946555728210922,87.1604166666667,0,"Το φίλτρο μειώνει αισθητά τον θόρυβο, με κέρδος PSNR 24.20 dB. Η ένταση των ακμών διατηρείται σε λογικά επίπεδα. Το median filter είναι ιδιαίτερα κατάλληλο για Salt & Pepper θόρυβο."
1_low.png,1,1_high.png,Salt & Pepper noise,Denoising,Wiener filter,filter only,"5x5 adaptive Wiener",0.00742795064990401,21.2913099030457,0.0276561264651241,0.101556360198631,0.0216105422870331,3.06806475672579,0.138636068006555,84.5270833333333,0,"Το φίλτρο μειώνει αισθητά τον θόρυβο, με κέρδος PSNR 4.56 dB. Οι ακμές παραμένουν έντονες, αλλά μπορεί να παραμένει και θόρυβος. Το Wiener filter προσαρμόζεται στην τοπική διακύμανση της εικόνας."
1_low.png,1,1_high.png,Salt & Pepper noise,Final enhanced image,Gaussian filter,denoise -> enhance,"gamma 0.6 + contrast stretch",0.0124337002589882,19.053996064416,0.0865783063249648,0.161339133375274,0.0327251901177559,1.54220821071923,0.370968185429835,42.84625,0,"Η σειρά πρώτα αποθορυβοποίηση και μετά ενίσχυση δίνει καλύτερη ποσοτική προσέγγιση στην καθαρή βελτιωμένη εικόνα. Για Salt & Pepper noise με Gaussian filter, το PSNR είναι 19.05 dB."
1_low.png,1,1_high.png,Salt & Pepper noise,Final enhanced image,Gaussian filter,enhance -> denoise,"gamma 0.6 + contrast stretch",0.0252828582538257,15.9717383016437,0.127990723529924,0.127234143359114,0.018418427136131,0.867987304448484,0.584287508875791,64.90625,0,"Η σειρά πρώτα αποθορυβοποίηση και μετά ενίσχυση δίνει καλύτερη ποσοτική προσέγγιση στην καθαρή βελτιωμένη εικόνα. Για Salt & Pepper noise με Gaussian filter, το PSNR είναι 15.97 dB."
1_low.png,1,1_high.png,Salt & Pepper noise,Final enhanced image,Median filter,denoise -> enhance,"gamma 0.6 + contrast stretch",0.0257384612363257,15.8941742077851,0.133008642720831,0.13218541427101,0.00983916314404496,0.46368067329024,0.932897094285757,66.7045833333333,0,"Η σειρά πρώτα αποθορυβοποίηση και μετά ενίσχυση δίνει καλύτερη ποσοτική προσέγγιση στην καθαρή βελτιωμένη εικόνα. Για Salt & Pepper noise με Median filter, το PSNR είναι 15.89 dB."
1_low.png,1,1_high.png,Salt & Pepper noise,Final enhanced image,Median filter,enhance -> denoise,"gamma 0.6 + contrast stretch",0.0257384612363257,15.8941742077851,0.133008642720831,0.13218541427101,0.00983916314404496,0.46368067329024,0.932897094285757,66.7045833333333,0,"Η σειρά πρώτα αποθορυβοποίηση και μετά ενίσχυση δίνει καλύτερη ποσοτική προσέγγιση στην καθαρή βελτιωμένη εικόνα. Για Salt & Pepper noise με Median filter, το PSNR είναι 15.89 dB."
22_low.png,22,22_high.png,Gaussian noise,Noisy image,No filtering,,"",0.00375961932217695,24.248561270531,0.0469503683281033,0.0580460748627379,0.0221930413885503,4.59581526420851,0.191398906739399,99.6291666666667,0,"Εικόνα μετά την τεχνητή προσθήκη θορύβου."
22_low.png,22,22_high.png,Gaussian noise,Denoising,Mean filter,filter only,"3x3 average kernel",0.00064102434627049,31.9312547555118,0.0204782791082783,0.0436103703893425,0.00909720478293015,1.88388206334761,0.378559386852281,99.99625,0,"Το φίλτρο μειώνει αισθητά τον θόρυβο, με κέρδος PSNR 7.68 dB. Οι ακμές παραμένουν έντονες, αλλά μπορεί να παραμένει και θόρυβος. Το mean filter εξομαλύνει τον θόρυβο αλλά συχνά θολώνει περισσότερο τις λεπτομέρειες."
22_low.png,22,22_high.png,Gaussian noise,Denoising,Gaussian filter,filter only,"sigma=1.0, filter size=5",0.000535175421075006,32.7150384056276,0.0187975081879492,0.0430077660672978,0.00807446276134661,1.67208894712488,0.412781625818467,99.9979166666667,0,"Το φίλτρο μειώνει αισθητά τον θόρυβο, με κέρδος PSNR 8.47 dB. Οι ακμές παραμένουν έντονες, αλλά μπορεί να παραμένει και θόρυβος. Το Gaussian filter είναι φυσική επιλογή για Gaussian θόρυβο."
22_low.png,22,22_high.png,Gaussian noise,Denoising,Median filter,filter only,"3x3 median",0.000782811635969483,31.0634272747012,0.0217171845566523,0.0508196196620314,0.011635873454551,2.40959875208512,0.338616859107652,99.9933333333333,0,"Το φίλτρο μειώνει αισθητά τον θόρυβο, με κέρδος PSNR 6.81 dB. Οι ακμές παραμένουν έντονες, αλλά μπορεί να παραμένει και θόρυβος. Η καταλληλότητα εξαρτάται από το είδος του θορύβου και τη λεπτομέρεια της εικόνας."
22_low.png,22,22_high.png,Gaussian noise,Denoising,Wiener filter,filter only,"5x5 adaptive Wiener",0.00060058977781617,32.2142206387165,0.0195841522148684,0.0430710294890135,0.00649108996648772,1.34419838304477,0.339936396864269,99.9866666666667,0,"Το φίλτρο μειώνει αισθητά τον θόρυβο, με κέρδος PSNR 7.97 dB. Οι ακμές παραμένουν έντονες, αλλά μπορεί να παραμένει και θόρυβος. Το Wiener filter προσαρμόζεται στην τοπική διακύμανση της εικόνας."
22_low.png,22,22_high.png,Gaussian noise,Final enhanced image,Gaussian filter,denoise -> enhance,"gamma 0.6 + contrast stretch",0.0106493591537629,19.7267652596782,0.0776516265826883,0.152217396361552,0.0288798103666445,1.43302923723559,0.400993425017258,12.6770833333333,0,"Η σειρά πρώτα αποθορυβοποίηση και μετά ενίσχυση δίνει καλύτερη ποσοτική προσέγγιση στην καθαρή βελτιωμένη εικόνα. Για Gaussian noise με Gaussian filter, το PSNR είναι 19.73 dB."
22_low.png,22,22_high.png,Gaussian noise,Final enhanced image,Gaussian filter,enhance -> denoise,"gamma 0.6 + contrast stretch",0.02085554503098,16.8077845598098,0.126532009688477,0.120940694718403,0.0225465480515994,1.11876990002663,0.40380436882218,39.9104166666667,0,"Η σειρά πρώτα αποθορυβοποίηση και μετά ενίσχυση δίνει καλύτερη ποσοτική προσέγγιση στην καθαρή βελτιωμένη εικόνα. Για Gaussian noise με Gaussian filter, το PSNR είναι 16.81 dB."
22_low.png,22,22_high.png,Gaussian noise,Final enhanced image,Median filter,denoise -> enhance,"gamma 0.6 + contrast stretch",0.0135415735654425,18.6833086659023,0.089565785022515,0.199078750628999,0.046737935377722,2.31915746793337,0.350036688478902,27.9583333333333,0,"Η σειρά πρώτα αποθορυβοποίηση και μετά ενίσχυση δίνει καλύτερη ποσοτική προσέγγιση στην καθαρή βελτιωμένη εικόνα. Για Gaussian noise με Median filter, το PSNR είναι 18.68 dB."
22_low.png,22,22_high.png,Gaussian noise,Final enhanced image,Median filter,enhance -> denoise,"gamma 0.6 + contrast stretch",0.0220293141230984,16.5699902428322,0.127340288208916,0.148952090738475,0.0349696447728125,1.73520957163423,0.3500366884789,37.9379166666667,0,"Η σειρά πρώτα αποθορυβοποίηση και μετά ενίσχυση δίνει καλύτερη ποσοτική προσέγγιση στην καθαρή βελτιωμένη εικόνα. Για Gaussian noise με Median filter, το PSNR είναι 16.57 dB."
22_low.png,22,22_high.png,Salt & Pepper noise,Noisy image,No filtering,,"",0.0214983374556794,16.6759512435148,0.0248500490196078,0.108029801201597,0.0373585613968887,7.73634598839933,0.077347752514547,95.0725,0.000833333333333333,"Εικόνα μετά την τεχνητή προσθήκη θορύβου."
22_low.png,22,22_high.png,Salt & Pepper noise,Denoising,Mean filter,filter only,"3x3 average kernel",0.00285993799604352,25.436433823493,0.0277706905107722,0.0575733677470674,0.018513432580993,3.83382856630543,0.131194059874894,99.52,0,"Το φίλτρο μειώνει αισθητά τον θόρυβο, με κέρδος PSNR 8.76 dB. Οι ακμές παραμένουν έντονες, αλλά μπορεί να παραμένει και θόρυβος. Το mean filter εξομαλύνει τον θόρυβο αλλά συχνά θολώνει περισσότερο τις λεπτομέρειες."
22_low.png,22,22_high.png,Salt & Pepper noise,Denoising,Gaussian filter,filter only,"sigma=1.0, filter size=5",0.00225623688079967,26.4661530600805,0.0258114591720426,0.0551346914422485,0.0162841962550705,3.37219024667032,0.144520836575362,99.6445833333333,0,"Το φίλτρο μειώνει αισθητά τον θόρυβο, με κέρδος PSNR 9.79 dB. Οι ακμές παραμένουν έντονες, αλλά μπορεί να παραμένει και θόρυβος. Η καταλληλότητα εξαρτάται από το είδος του θορύβου και τη λεπτομέρεια της εικόνας."
22_low.png,22,22_high.png,Salt & Pepper noise,Denoising,Median filter,filter only,"3x3 median",5.80840488700924e-05,42.3594311784772,0.0046046459694989,0.0506144450331187,0.00346496487452265,0.717537456064632,0.914533980088049,100,0,"Το φίλτρο μειώνει αισθητά τον θόρυβο, με κέρδος PSNR 25.68 dB. Παρατηρείται πιθανή θόλωση λεπτομερειών και ακμών. Το median filter είναι ιδιαίτερα κατάλληλο για Salt & Pepper θόρυβο."
22_low.png,22,22_high.png,Salt & Pepper noise,Denoising,Wiener filter,filter only,"5x5 adaptive Wiener",0.00758366617806291,21.2012079225965,0.0263896627176424,0.0733408252911357,0.0210588584419959,4.3609445582552,0.0535568546940256,96.6433333333333,0,"Το φίλτρο μειώνει αισθητά τον θόρυβο, με κέρδος PSNR 4.53 dB. Οι ακμές παραμένουν έντονες, αλλά μπορεί να παραμένει και θόρυβος. Το Wiener filter προσαρμόζεται στην τοπική διακύμανση της εικόνας."
22_low.png,22,22_high.png,Salt & Pepper noise,Final enhanced image,Gaussian filter,denoise -> enhance,"gamma 0.6 + contrast stretch",0.0195335603601915,17.0921859112791,0.117056011801564,0.135308909524096,0.0355697370852844,1.76498642327885,0.235204400741527,28.3129166666667,0,"Η σειρά πρώτα αποθορυβοποίηση και μετά ενίσχυση δίνει καλύτερη ποσοτική προσέγγιση στην καθαρή βελτιωμένη εικόνα. Για Salt & Pepper noise με Gaussian filter, το PSNR είναι 17.09 dB."
22_low.png,22,22_high.png,Salt & Pepper noise,Final enhanced image,Gaussian filter,enhance -> denoise,"gamma 0.6 + contrast stretch",0.0492608748241476,13.0749787979033,0.194731525568331,0.0946434462009502,0.0165922686168955,0.823315864550823,0.402627343999926,54.9729166666667,0,"Η σειρά πρώτα αποθορυβοποίηση και μετά ενίσχυση δίνει καλύτερη ποσοτική προσέγγιση στην καθαρή βελτιωμένη εικόνα. Για Salt & Pepper noise με Gaussian filter, το PSNR είναι 13.07 dB."
22_low.png,22,22_high.png,Salt & Pepper noise,Final enhanced image,Median filter,denoise -> enhance,"gamma 0.6 + contrast stretch",0.0523416228084209,12.811528165487,0.203421922249648,0.0969629837742565,0.00701156139833131,0.347916844152348,0.902333805190922,56.81,0,"Η σειρά πρώτα αποθορυβοποίηση και μετά ενίσχυση δίνει καλύτερη ποσοτική προσέγγιση στην καθαρή βελτιωμένη εικόνα. Για Salt & Pepper noise με Median filter, το PSNR είναι 12.81 dB."
22_low.png,22,22_high.png,Salt & Pepper noise,Final enhanced image,Median filter,enhance -> denoise,"gamma 0.6 + contrast stretch",0.0523416228084209,12.811528165487,0.203421922249648,0.0969629837742565,0.00701156139833131,0.347916844152348,0.902333805190922,56.81,0,"Η σειρά πρώτα αποθορυβοποίηση και μετά ενίσχυση δίνει καλύτερη ποσοτική προσέγγιση στην καθαρή βελτιωμένη εικόνα. Για Salt & Pepper noise με Median filter, το PSNR είναι 12.81 dB."
23_low.png,23,23_high.png,Gaussian noise,Noisy image,No filtering,,"",0.00309392826067221,25.0948976056406,0.0406749885342677,0.0412088412591982,0.0192838787925158,5.71462321069233,0.10743910458016,99.9933333333333,0,"Εικόνα μετά την τεχνητή προσθήκη θορύβου."
23_low.png,23,23_high.png,Gaussian noise,Denoising,Mean filter,filter only,"3x3 average kernel",0.000672383633642822,31.7238286618009,0.0212977958167808,0.0236159859560996,0.00758875796833224,2.24886771446566,0.19664849590149,100,0,"Το φίλτρο μειώνει αισθητά τον θόρυβο, με κέρδος PSNR 6.63 dB. Οι ακμές παραμένουν έντονες, αλλά μπορεί να παραμένει και θόρυβος. Το mean filter εξομαλύνει τον θόρυβο αλλά συχνά θολώνει περισσότερο τις λεπτομέρειες."
23_low.png,23,23_high.png,Gaussian noise,Denoising,Gaussian filter,filter only,"sigma=1.0, filter size=5",0.000590773710478169,32.2857883910196,0.0201524210270425,0.0228030955134178,0.00668755565302404,1.98180361786967,0.216580884871272,100,0,"Το φίλτρο μειώνει αισθητά τον θόρυβο, με κέρδος PSNR 7.19 dB. Οι ακμές παραμένουν έντονες, αλλά μπορεί να παραμένει και θόρυβος. Το Gaussian filter είναι φυσική επιλογή για Gaussian θόρυβο."
23_low.png,23,23_high.png,Gaussian noise,Denoising,Median filter,filter only,"3x3 median",0.000677817979862448,31.6888691521024,0.0195629937565266,0.0300440204010631,0.0101663821115824,3.01272600853331,0.189484934216979,100,0,"Το φίλτρο μειώνει αισθητά τον θόρυβο, με κέρδος PSNR 6.59 dB. Οι ακμές παραμένουν έντονες, αλλά μπορεί να παραμένει και θόρυβος. Η καταλληλότητα εξαρτάται από το είδος του θορύβου και τη λεπτομέρεια της εικόνας."
23_low.png,23,23_high.png,Gaussian noise,Denoising,Wiener filter,filter only,"5x5 adaptive Wiener",0.000640455436953074,31.9351108318498,0.0207100795661278,0.0232026137912499,0.00535782301328811,1.58774798783743,0.181945089740805,100,0,"Το φίλτρο μειώνει αισθητά τον θόρυβο, με κέρδος PSNR 6.84 dB. Οι ακμές παραμένουν έντονες, αλλά μπορεί να παραμένει και θόρυβος. Το Wiener filter προσαρμόζεται στην τοπική διακύμανση της εικόνας."
23_low.png,23,23_high.png,Gaussian noise,Final enhanced image,Gaussian filter,denoise -> enhance,"gamma 0.6 + contrast stretch",0.0355907622478604,14.4866271060546,0.159591870117043,0.120463445393303,0.0357758352840357,1.73100688966758,0.168826005963225,6.05333333333333,0,"Η σειρά πρώτα ενίσχυση και μετά αποθορυβοποίηση δίνει καλύτερη ποσοτική προσέγγιση στην καθαρή βελτιωμένη εικόνα. Για Gaussian noise με Gaussian filter, το PSNR είναι 14.49 dB."
23_low.png,23,23_high.png,Gaussian noise,Final enhanced image,Gaussian filter,enhance -> denoise,"gamma 0.6 + contrast stretch",0.013809905196993,18.598093027801,0.0992214755077154,0.0856931332360765,0.024995377511289,1.20939651970028,0.157372617286861,53.76375,0,"Η σειρά πρώτα ενίσχυση και μετά αποθορυβοποίηση δίνει καλύτερη ποσοτική προσέγγιση στην καθαρή βελτιωμένη εικόνα. Για Gaussian noise με Gaussian filter, το PSNR είναι 18.60 dB."
23_low.png,23,23_high.png,Gaussian noise,Final enhanced image,Median filter,denoise -> enhance,"gamma 0.6 + contrast stretch",0.0276372121055747,15.5850576839736,0.130793049389972,0.183177747934322,0.0629971653945672,3.0481056965338,0.170094736197532,37.7475,0,"Η σειρά πρώτα ενίσχυση και μετά αποθορυβοποίηση δίνει καλύτερη ποσοτική προσέγγιση στην καθαρή βελτιωμένη εικόνα. Για Gaussian noise με Median filter, το PSNR είναι 15.59 dB."
23_low.png,23,23_high.png,Gaussian noise,Final enhanced image,Median filter,enhance -> denoise,"gamma 0.6 + contrast stretch",0.0188188701201766,17.2540645504813,0.107412974757542,0.128911029149546,0.0443341482035778,2.14509920952654,0.170094736197531,53.835,0,"Η σειρά πρώτα ενίσχυση και μετά αποθορυβοποίηση δίνει καλύτερη ποσοτική προσέγγιση στην καθαρή βελτιωμένη εικόνα. Για Gaussian noise με Median filter, το PSNR είναι 17.25 dB."
23_low.png,23,23_high.png,Salt & Pepper noise,Noisy image,No filtering,,"",0.0232954760562177,16.3272841007191,0.0250028758169935,0.104759532203119,0.0375779811824282,11.1359341026043,0.0389394531274162,95.0120833333333,0.0025,"Εικόνα μετά την τεχνητή προσθήκη θορύβου."
23_low.png,23,23_high.png,Salt & Pepper noise,Denoising,Mean filter,filter only,"3x3 average kernel",0.00312482589581195,25.0517417499016,0.0278197664003873,0.0435989068066114,0.0188246227583875,5.57852635898954,0.0450923259684318,99.94,0,"Το φίλτρο μειώνει αισθητά τον θόρυβο, με κέρδος PSNR 8.72 dB. Οι ακμές παραμένουν έντονες, αλλά μπορεί να παραμένει και θόρυβος. Το mean filter εξομαλύνει τον θόρυβο αλλά συχνά θολώνει περισσότερο τις λεπτομέρειες."
23_low.png,23,23_high.png,Salt & Pepper noise,Denoising,Gaussian filter,filter only,"sigma=1.0, filter size=5",0.00247152657209511,26.0703471595285,0.0263332924337325,0.0400830287019708,0.0165466493776475,4.90346717120992,0.0496019348352275,99.9683333333333,0,"Το φίλτρο μειώνει αισθητά τον θόρυβο, με κέρδος PSNR 9.74 dB. Οι ακμές παραμένουν έντονες, αλλά μπορεί να παραμένει και θόρυβος. Η καταλληλότητα εξαρτάται από το είδος του θορύβου και τη λεπτομέρεια της εικόνας."
23_low.png,23,23_high.png,Salt & Pepper noise,Denoising,Median filter,filter only,"3x3 median",4.09476056217691e-05,43.8777148818086,0.00402446078431371,0.0291948175087677,0.00224211823333755,0.66443380168517,0.882559243505595,100,0,"Το φίλτρο μειώνει αισθητά τον θόρυβο, με κέρδος PSNR 27.55 dB. Παρατηρείται πιθανή θόλωση λεπτομερειών και ακμών. Το median filter είναι ιδιαίτερα κατάλληλο για Salt & Pepper θόρυβο."
23_low.png,23,23_high.png,Salt & Pepper noise,Denoising,Wiener filter,filter only,"5x5 adaptive Wiener",0.00823906998287012,20.8412180821826,0.0266078212269385,0.0646289231930566,0.021507114062406,6.37346119722206,0.0157874729727787,96.8170833333333,0,"Το φίλτρο μειώνει αισθητά τον θόρυβο, με κέρδος PSNR 4.51 dB. Οι ακμές παραμένουν έντονες, αλλά μπορεί να παραμένει και θόρυβος. Το Wiener filter προσαρμόζεται στην τοπική διακύμανση της εικόνας."
23_low.png,23,23_high.png,Salt & Pepper noise,Final enhanced image,Gaussian filter,denoise -> enhance,"gamma 0.6 + contrast stretch",0.0202097531588189,16.9443899090912,0.115445793446793,0.106169959650021,0.038553409351364,1.86539927516844,0.119037986446611,50.2458333333333,0,"Η σειρά πρώτα αποθορυβοποίηση και μετά ενίσχυση δίνει καλύτερη ποσοτική προσέγγιση στην καθαρή βελτιωμένη εικόνα. Για Salt & Pepper noise με Gaussian filter, το PSNR είναι 16.94 dB."
23_low.png,23,23_high.png,Salt & Pepper noise,Final enhanced image,Gaussian filter,enhance -> denoise,"gamma 0.6 + contrast stretch",0.0282423300125311,15.4909947653517,0.142237421480136,0.0744215545724896,0.0167523018501557,0.810556893785525,0.248768368913038,94.715,0,"Η σειρά πρώτα αποθορυβοποίηση και μετά ενίσχυση δίνει καλύτερη ποσοτική προσέγγιση στην καθαρή βελτιωμένη εικόνα. Για Salt & Pepper noise με Gaussian filter, το PSNR είναι 15.49 dB."
23_low.png,23,23_high.png,Salt & Pepper noise,Final enhanced image,Median filter,denoise -> enhance,"gamma 0.6 + contrast stretch",0.0177163133982394,17.5162664573193,0.113562035810057,0.229372348599325,0.0191950770155456,0.928750098993109,0.847720065483996,35.6620833333333,0,"Η σειρά πρώτα αποθορυβοποίηση και μετά ενίσχυση δίνει καλύτερη ποσοτική προσέγγιση στην καθαρή βελτιωμένη εικόνα. Για Salt & Pepper noise με Median filter, το PSNR είναι 17.52 dB."
23_low.png,23,23_high.png,Salt & Pepper noise,Final enhanced image,Median filter,enhance -> denoise,"gamma 0.6 + contrast stretch",0.0309980868442496,15.0866510934718,0.149712431354689,0.0743456764634425,0.00622163479688423,0.30103259959965,0.847720065483998,99.0775,0,"Η σειρά πρώτα αποθορυβοποίηση και μετά ενίσχυση δίνει καλύτερη ποσοτική προσέγγιση στην καθαρή βελτιωμένη εικόνα. Για Salt & Pepper noise με Median filter, το PSNR είναι 15.09 dB."
55_low.png,55,55_high.png,Gaussian noise,Noisy image,No filtering,,"",0.00308900007172779,25.1018208161406,0.0404057304033167,0.0425861723790664,0.019294250510463,5.67090093034102,0.111154659509168,99.9829166666667,0,"Εικόνα μετά την τεχνητή προσθήκη θορύβου."
55_low.png,55,55_high.png,Gaussian noise,Denoising,Mean filter,filter only,"3x3 average kernel",0.000681570554611839,31.6648918033911,0.021462044249035,0.0259773717443956,0.00771604516091437,2.2678739274093,0.255931216568703,100,0,"Το φίλτρο μειώνει αισθητά τον θόρυβο, με κέρδος PSNR 6.56 dB. Οι ακμές παραμένουν έντονες, αλλά μπορεί να παραμένει και θόρυβος. Το mean filter εξομαλύνει τον θόρυβο αλλά συχνά θολώνει περισσότερο τις λεπτομέρειες."
55_low.png,55,55_high.png,Gaussian noise,Denoising,Gaussian filter,filter only,"sigma=1.0, filter size=5",0.00060127843414011,32.2092437257544,0.020354624479573,0.0252280764208635,0.0068206549078808,2.0047038490384,0.287005880097269,100,0,"Το φίλτρο μειώνει αισθητά τον θόρυβο, με κέρδος PSNR 7.11 dB. Οι ακμές παραμένουν έντονες, αλλά μπορεί να παραμένει και θόρυβος. Το Gaussian filter είναι φυσική επιλογή για Gaussian θόρυβο."
55_low.png,55,55_high.png,Gaussian noise,Denoising,Median filter,filter only,"3x3 median",0.00066966526152412,31.7414222924015,0.0194285521505495,0.0324271939202298,0.0103110715169959,3.03059530748996,0.231823050020609,100,0,"Το φίλτρο μειώνει αισθητά τον θόρυβο, με κέρδος PSNR 6.64 dB. Οι ακμές παραμένουν έντονες, αλλά μπορεί να παραμένει και θόρυβος. Η καταλληλότητα εξαρτάται από το είδος του θορύβου και τη λεπτομέρεια της εικόνας."
55_low.png,55,55_high.png,Gaussian noise,Denoising,Wiener filter,filter only,"5x5 adaptive Wiener",0.000658642642843481,31.8135015496014,0.0210218785621542,0.0257095691940799,0.00551923973601751,1.62219629815544,0.2231427947781,100,0,"Το φίλτρο μειώνει αισθητά τον θόρυβο, με κέρδος PSNR 6.71 dB. Οι ακμές παραμένουν έντονες, αλλά μπορεί να παραμένει και θόρυβος. Το Wiener filter προσαρμόζεται στην τοπική διακύμανση της εικόνας."
55_low.png,55,55_high.png,Gaussian noise,Final enhanced image,Gaussian filter,denoise -> enhance,"gamma 0.6 + contrast stretch",0.0343192165287788,14.644626351914,0.153564891083331,0.126408610263891,0.0356197742258783,1.61895187148371,0.245574186200542,5.71333333333333,0,"Η σειρά πρώτα ενίσχυση και μετά αποθορυβοποίηση δίνει καλύτερη ποσοτική προσέγγιση στην καθαρή βελτιωμένη εικόνα. Για Gaussian noise με Gaussian filter, το PSNR είναι 14.64 dB."
55_low.png,55,55_high.png,Gaussian noise,Final enhanced image,Gaussian filter,enhance -> denoise,"gamma 0.6 + contrast stretch",0.0189019936293419,17.2349238754313,0.117903231603571,0.0836332002481263,0.0229645279002125,1.04375915428398,0.233327010351004,65.1279166666667,0,"Η σειρά πρώτα ενίσχυση και μετά αποθορυβοποίηση δίνει καλύτερη ποσοτική προσέγγιση στην καθαρή βελτιωμένη εικόνα. Για Gaussian noise με Gaussian filter, το PSNR είναι 17.23 dB."
55_low.png,55,55_high.png,Gaussian noise,Final enhanced image,Median filter,denoise -> enhance,"gamma 0.6 + contrast stretch",0.0268669109398916,15.7078226430298,0.12739045750364,0.188410963097274,0.0632190778037874,2.87336589150973,0.222845573943822,39.09625,0,"Η σειρά πρώτα ενίσχυση και μετά αποθορυβοποίηση δίνει καλύτερη ποσοτική προσέγγιση στην καθαρή βελτιωμένη εικόνα. Για Gaussian noise με Median filter, το PSNR είναι 15.71 dB."
55_low.png,55,55_high.png,Gaussian noise,Final enhanced image,Median filter,enhance -> denoise,"gamma 0.6 + contrast stretch",0.0229613123289785,16.3900329393319,0.12247185184832,0.121322477780764,0.040708327350413,1.85023134428073,0.222845573943823,62.1070833333333,0,"Η σειρά πρώτα ενίσχυση και μετά αποθορυβοποίηση δίνει καλύτερη ποσοτική προσέγγιση στην καθαρή βελτιωμένη εικόνα. Για Gaussian noise με Median filter, το PSNR είναι 16.39 dB."
55_low.png,55,55_high.png,Salt & Pepper noise,Noisy image,No filtering,,"",0.0234240771498142,16.3033751022197,0.0251268954248366,0.105431899981219,0.0378218632482368,11.1164742763833,0.0451160708869326,95.0270833333333,0.00125,"Εικόνα μετά την τεχνητή προσθήκη θορύβου."
55_low.png,55,55_high.png,Salt & Pepper noise,Denoising,Mean filter,filter only,"3x3 average kernel",0.0031358519093374,25.0364445506802,0.0278223251028806,0.0448363397243614,0.018915945785956,5.55971088370014,0.0732310985867183,99.9425,0,"Το φίλτρο μειώνει αισθητά τον θόρυβο, με κέρδος PSNR 8.73 dB. Οι ακμές παραμένουν έντονες, αλλά μπορεί να παραμένει και θόρυβος. Το mean filter εξομαλύνει τον θόρυβο αλλά συχνά θολώνει περισσότερο τις λεπτομέρειες."
55_low.png,55,55_high.png,Salt & Pepper noise,Denoising,Gaussian filter,filter only,"sigma=1.0, filter size=5",0.00248055554368876,26.0545104395637,0.0263540825474725,0.0414244305749806,0.0166341893461522,4.88906473912573,0.0814626289611269,99.9741666666667,0,"Το φίλτρο μειώνει αισθητά τον θόρυβο, με κέρδος PSNR 9.75 dB. Οι ακμές παραμένουν έντονες, αλλά μπορεί να παραμένει και θόρυβος. Η καταλληλότητα εξαρτάται από το είδος του θορύβου και τη λεπτομέρεια της εικόνας."
55_low.png,55,55_high.png,Salt & Pepper noise,Denoising,Median filter,filter only,"3x3 median",3.69133666538508e-05,44.3281634351981,0.00383527233115467,0.0317733042163087,0.00242437130466807,0.712563023874844,0.929198747422521,100,0,"Το φίλτρο μειώνει αισθητά τον θόρυβο, με κέρδος PSNR 28.02 dB. Παρατηρείται πιθανή θόλωση λεπτομερειών και ακμών. Το median filter είναι ιδιαίτερα κατάλληλο για Salt & Pepper θόρυβο."
55_low.png,55,55_high.png,Salt & Pepper noise,Denoising,Wiener filter,filter only,"5x5 adaptive Wiener",0.00822916595147691,20.8464417949329,0.0265881970009231,0.065359867961751,0.0216535868730562,6.36434910374178,0.0307409911210417,96.8508333333333,0,"Το φίλτρο μειώνει αισθητά τον θόρυβο, με κέρδος PSNR 4.54 dB. Οι ακμές παραμένουν έντονες, αλλά μπορεί να παραμένει και θόρυβος. Το Wiener filter προσαρμόζεται στην τοπική διακύμανση της εικόνας."
55_low.png,55,55_high.png,Salt & Pepper noise,Final enhanced image,Gaussian filter,denoise -> enhance,"gamma 0.6 + contrast stretch",0.0222577941965047,16.5251787754638,0.117501077643812,0.120205305887711,0.0430469801246953,1.95652528824751,0.165069892022544,45.4908333333333,0,"Η σειρά πρώτα αποθορυβοποίηση και μετά ενίσχυση δίνει καλύτερη ποσοτική προσέγγιση στην καθαρή βελτιωμένη εικόνα. Για Salt & Pepper noise με Gaussian filter, το PSNR είναι 16.53 dB."
55_low.png,55,55_high.png,Salt & Pepper noise,Final enhanced image,Gaussian filter,enhance -> denoise,"gamma 0.6 + contrast stretch",0.0326954124891141,14.8551317915713,0.15072419209347,0.0770888714220669,0.0172652716236237,0.78472265516026,0.348828595553818,91.61375,0,"Η σειρά πρώτα αποθορυβοποίηση και μετά ενίσχυση δίνει καλύτερη ποσοτική προσέγγιση στην καθαρή βελτιωμένη εικόνα. Για Salt & Pepper noise με Gaussian filter, το PSNR είναι 14.86 dB."
55_low.png,55,55_high.png,Salt & Pepper noise,Final enhanced image,Median filter,denoise -> enhance,"gamma 0.6 + contrast stretch",0.0227567747776326,16.428892886535,0.126799118445323,0.257146225238384,0.0224973900824934,1.02252730594487,0.900316807414413,33.5270833333333,0.00708333333333333,"Η σειρά πρώτα αποθορυβοποίηση και μετά ενίσχυση δίνει καλύτερη ποσοτική προσέγγιση στην καθαρή βελτιωμένη εικόνα. Για Salt & Pepper noise με Median filter, το PSNR είναι 16.43 dB."
55_low.png,55,55_high.png,Salt & Pepper noise,Final enhanced image,Median filter,enhance -> denoise,"gamma 0.6 + contrast stretch",0.0355533662478668,14.4911927331223,0.157597950850089,0.078108243565554,0.00683358903100234,0.310592977949147,0.900316807414435,95.4216666666667,0,"Η σειρά πρώτα αποθορυβοποίηση και μετά ενίσχυση δίνει καλύτερη ποσοτική προσέγγιση στην καθαρή βελτιωμένη εικόνα. Για Salt & Pepper noise με Median filter, το PSNR είναι 14.49 dB."
79_low.png,79,79_high.png,Gaussian noise,Noisy image,No filtering,,"",0.00396835264641383,24.0138974135998,0.0504253846270716,0.0547459332403087,0.0236311178434395,4.3416907563762,0.30467304599483,99.6679166666667,0.000833333333333333,"Εικόνα μετά την τεχνητή προσθήκη θορύβου."
79_low.png,79,79_high.png,Gaussian noise,Denoising,Mean filter,filter only,"3x3 average kernel",0.000583560623974293,32.3391402001301,0.0191062753884955,0.0369401839461974,0.00983356210124436,1.80669767550065,0.517129015303376,99.9629166666667,0,"Το φίλτρο μειώνει αισθητά τον θόρυβο, με κέρδος PSNR 8.33 dB. Οι ακμές παραμένουν έντονες, αλλά μπορεί να παραμένει και θόρυβος. Το mean filter εξομαλύνει τον θόρυβο αλλά συχνά θολώνει περισσότερο τις λεπτομέρειες."
79_low.png,79,79_high.png,Gaussian noise,Denoising,Gaussian filter,filter only,"sigma=1.0, filter size=5",0.000466197019158068,33.3143050766517,0.0170679812622348,0.0361057202217997,0.00876926885737145,1.61115753348915,0.552654204238814,99.9641666666667,0,"Το φίλτρο μειώνει αισθητά τον θόρυβο, με κέρδος PSNR 9.30 dB. Οι ακμές παραμένουν έντονες, αλλά μπορεί να παραμένει και θόρυβος. Το Gaussian filter είναι φυσική επιλογή για Gaussian θόρυβο."
79_low.png,79,79_high.png,Gaussian noise,Denoising,Median filter,filter only,"3x3 median",0.00087825506121375,30.5637933877377,0.0236156209751056,0.0428515625587164,0.0127388232902887,2.34047461034142,0.443346630264045,99.9645833333333,0,"Το φίλτρο μειώνει αισθητά τον θόρυβο, με κέρδος PSNR 6.55 dB. Οι ακμές παραμένουν έντονες, αλλά μπορεί να παραμένει και θόρυβος. Η καταλληλότητα εξαρτάται από το είδος του θορύβου και τη λεπτομέρεια της εικόνας."
79_low.png,79,79_high.png,Gaussian noise,Denoising,Wiener filter,filter only,"5x5 adaptive Wiener",0.000474740605737091,33.2354362041277,0.0166619660334372,0.0360349037279141,0.00673117564943854,1.2367033709675,0.554400841397847,99.9633333333333,0,"Το φίλτρο μειώνει αισθητά τον θόρυβο, με κέρδος PSNR 9.22 dB. Η ένταση των ακμών διατηρείται σε λογικά επίπεδα. Το Wiener filter προσαρμόζεται στην τοπική διακύμανση της εικόνας."
79_low.png,79,79_high.png,Gaussian noise,Final enhanced image,Gaussian filter,denoise -> enhance,"gamma 0.6 + contrast stretch",0.00222499879819708,26.5267021926126,0.0378967048164895,0.0707851269490255,0.0174095051068988,1.87260839210341,0.49427531052805,50.8954166666667,0.000833333333333333,"Η σειρά πρώτα ενίσχυση και μετά αποθορυβοποίηση δίνει καλύτερη ποσοτική προσέγγιση στην καθαρή βελτιωμένη εικόνα. Για Gaussian noise με Gaussian filter, το PSNR είναι 26.53 dB."
79_low.png,79,79_high.png,Gaussian noise,Final enhanced image,Gaussian filter,enhance -> denoise,"gamma 0.6 + contrast stretch",0.00143657053150479,28.4267304653151,0.0298659954890454,0.0638839588030741,0.0156651304710429,1.68497924572511,0.498147934772765,65.0320833333333,0,"Η σειρά πρώτα ενίσχυση και μετά αποθορυβοποίηση δίνει καλύτερη ποσοτική προσέγγιση στην καθαρή βελτιωμένη εικόνα. Για Gaussian noise με Gaussian filter, το PSNR είναι 28.43 dB."
79_low.png,79,79_high.png,Gaussian noise,Final enhanced image,Median filter,denoise -> enhance,"gamma 0.6 + contrast stretch",0.00389574106308586,24.0940991693976,0.0496484382496126,0.0822309098422921,0.0249503823691289,2.68372335248664,0.365701396438576,50.8091666666667,0.00166666666666667,"Η σειρά πρώτα ενίσχυση και μετά αποθορυβοποίηση δίνει καλύτερη ποσοτική προσέγγιση στην καθαρή βελτιωμένη εικόνα. Για Gaussian noise με Median filter, το PSNR είναι 24.09 dB."
79_low.png,79,79_high.png,Gaussian noise,Final enhanced image,Median filter,enhance -> denoise,"gamma 0.6 + contrast stretch",0.00303668969323031,25.175995845727,0.0422976507080124,0.0751910918415667,0.0228143710898661,2.45396882341677,0.365701396438579,59.6766666666667,0,"Η σειρά πρώτα ενίσχυση και μετά αποθορυβοποίηση δίνει καλύτερη ποσοτική προσέγγιση στην καθαρή βελτιωμένη εικόνα. Για Gaussian noise με Median filter, το PSNR είναι 25.18 dB."
79_low.png,79,79_high.png,Salt & Pepper noise,Noisy image,No filtering,,"",0.0209955100388739,16.7787357068653,0.0248650708061002,0.102467359781749,0.0374518246660037,6.88093733183059,0.109107077304572,95.0875,0.00166666666666667,"Εικόνα μετά την τεχνητή προσθήκη θορύβου."
79_low.png,79,79_high.png,Salt & Pepper noise,Denoising,Mean filter,filter only,"3x3 average kernel",0.00279685317902949,25.5333033134421,0.0281875702009198,0.0488415164057352,0.01851110681649,3.40100294399572,0.193159052336013,99.4929166666667,0,"Το φίλτρο μειώνει αισθητά τον θόρυβο, με κέρδος PSNR 8.75 dB. Οι ακμές παραμένουν έντονες, αλλά μπορεί να παραμένει και θόρυβος. Το mean filter εξομαλύνει τον θόρυβο αλλά συχνά θολώνει περισσότερο τις λεπτομέρειες."
79_low.png,79,79_high.png,Salt & Pepper noise,Denoising,Gaussian filter,filter only,"sigma=1.0, filter size=5",0.0022048461609478,26.5662170723117,0.0259327662522443,0.0460092058702625,0.0163094637282229,2.99650013932527,0.213520698094758,99.6791666666667,0,"Το φίλτρο μειώνει αισθητά τον θόρυβο, με κέρδος PSNR 9.79 dB. Οι ακμές παραμένουν έντονες, αλλά μπορεί να παραμένει και θόρυβος. Η καταλληλότητα εξαρτάται από το είδος του θορύβου και τη λεπτομέρεια της εικόνας."
79_low.png,79,79_high.png,Salt & Pepper noise,Denoising,Median filter,filter only,"3x3 median",7.52289290443842e-05,41.2361512073332,0.00525373638344225,0.0392702192662718,0.00378511883323704,0.695431149678479,0.917191195209296,99.9666666666667,0,"Το φίλτρο μειώνει αισθητά τον θόρυβο, με κέρδος PSNR 24.46 dB. Παρατηρείται πιθανή θόλωση λεπτομερειών και ακμών. Το median filter είναι ιδιαίτερα κατάλληλο για Salt & Pepper θόρυβο."
79_low.png,79,79_high.png,Salt & Pepper noise,Denoising,Wiener filter,filter only,"5x5 adaptive Wiener",0.00728881055282288,21.3734333759318,0.0265843456388556,0.0662439956612165,0.0211088843513961,3.87828661653068,0.0945434849333064,96.4804166666667,0,"Το φίλτρο μειώνει αισθητά τον θόρυβο, με κέρδος PSNR 4.59 dB. Οι ακμές παραμένουν έντονες, αλλά μπορεί να παραμένει και θόρυβος. Το Wiener filter προσαρμόζεται στην τοπική διακύμανση της εικόνας."
79_low.png,79,79_high.png,Salt & Pepper noise,Final enhanced image,Gaussian filter,denoise -> enhance,"gamma 0.6 + contrast stretch",0.0104623017902998,19.8037275668752,0.0747864444845215,0.0831988799186848,0.0273423858504548,2.94101302072061,0.246489909220113,30.8333333333333,0,"Η σειρά πρώτα ενίσχυση και μετά αποθορυβοποίηση δίνει καλύτερη ποσοτική προσέγγιση στην καθαρή βελτιωμένη εικόνα. Για Salt & Pepper noise με Gaussian filter, το PSNR είναι 19.80 dB."
79_low.png,79,79_high.png,Salt & Pepper noise,Final enhanced image,Gaussian filter,enhance -> denoise,"gamma 0.6 + contrast stretch",0.00178003371247136,27.4957177240929,0.0264890847811146,0.0658939167141836,0.0162646291360755,1.74946276919701,0.422858807839822,53.7041666666667,0,"Η σειρά πρώτα ενίσχυση και μετά αποθορυβοποίηση δίνει καλύτερη ποσοτική προσέγγιση στην καθαρή βελτιωμένη εικόνα. Για Salt & Pepper noise με Gaussian filter, το PSNR είναι 27.50 dB."
79_low.png,79,79_high.png,Salt & Pepper noise,Final enhanced image,Median filter,denoise -> enhance,"gamma 0.6 + contrast stretch",0.000879002134836927,30.5601007015174,0.0258411767571568,0.0717745979405329,0.00701558102757089,0.754612829431021,0.905900359624398,50.1279166666667,0.000833333333333333,"Η σειρά πρώτα ενίσχυση και μετά αποθορυβοποίηση δίνει καλύτερη ποσοτική προσέγγιση στην καθαρή βελτιωμένη εικόνα. Για Salt & Pepper noise με Median filter, το PSNR είναι 30.56 dB."
79_low.png,79,79_high.png,Salt & Pepper noise,Final enhanced image,Median filter,enhance -> denoise,"gamma 0.6 + contrast stretch",0.000247462157688504,36.064912046642,0.00933041645831285,0.0649709041905316,0.00635055654593662,0.683081190960202,0.905900359624398,58.3620833333333,0,"Η σειρά πρώτα ενίσχυση και μετά αποθορυβοποίηση δίνει καλύτερη ποσοτική προσέγγιση στην καθαρή βελτιωμένη εικόνα. Για Salt & Pepper noise με Median filter, το PSNR είναι 36.06 dB."
111_low.png,111,111_high.png,Gaussian noise,Noisy image,No filtering,,"",0.00380484191822847,24.196633823802,0.0489963861962867,0.054694196888953,0.022648305862013,4.89549363128922,0.25755118411998,99.1016666666667,0,"Εικόνα μετά την τεχνητή προσθήκη θορύβου."
111_low.png,111,111_high.png,Gaussian noise,Denoising,Mean filter,filter only,"3x3 average kernel",0.000578660654608312,32.3757604600591,0.019088577711678,0.0383481305715307,0.00931887303539539,2.01430004846801,0.47930417549976,99.6645833333333,0,"Το φίλτρο μειώνει αισθητά τον θόρυβο, με κέρδος PSNR 8.18 dB. Οι ακμές παραμένουν έντονες, αλλά μπορεί να παραμένει και θόρυβος. Το mean filter εξομαλύνει τον θόρυβο αλλά συχνά θολώνει περισσότερο τις λεπτομέρειες."
111_low.png,111,111_high.png,Gaussian noise,Denoising,Gaussian filter,filter only,"sigma=1.0, filter size=5",0.000469300205977754,33.2854925517386,0.0171985283652994,0.0376263560285176,0.00828798667730276,1.79147112557316,0.514454185933781,99.68125,0,"Το φίλτρο μειώνει αισθητά τον θόρυβο, με κέρδος PSNR 9.09 dB. Οι ακμές παραμένουν έντονες, αλλά μπορεί να παραμένει και θόρυβος. Το Gaussian filter είναι φυσική επιλογή για Gaussian θόρυβο."
111_low.png,111,111_high.png,Gaussian noise,Denoising,Median filter,filter only,"3x3 median",0.000841809529500336,30.7478616223496,0.0229652933347734,0.0441016177335569,0.0122359802646375,2.64484080279856,0.397291610242668,99.6291666666667,0,"Το φίλτρο μειώνει αισθητά τον θόρυβο, με κέρδος PSNR 6.55 dB. Οι ακμές παραμένουν έντονες, αλλά μπορεί να παραμένει και θόρυβος. Η καταλληλότητα εξαρτάται από το είδος του θορύβου και τη λεπτομέρεια της εικόνας."
111_low.png,111,111_high.png,Gaussian noise,Denoising,Wiener filter,filter only,"5x5 adaptive Wiener",0.000476035778927409,33.2236040440811,0.0167305901104233,0.0375008971185649,0.00643938851067521,1.39189154524274,0.547416321485938,99.6175,0,"Το φίλτρο μειώνει αισθητά τον θόρυβο, με κέρδος PSNR 9.03 dB. Οι ακμές παραμένουν έντονες, αλλά μπορεί να παραμένει και θόρυβος. Το Wiener filter προσαρμόζεται στην τοπική διακύμανση της εικόνας."
111_low.png,111,111_high.png,Gaussian noise,Final enhanced image,Gaussian filter,denoise -> enhance,"gamma 0.6 + contrast stretch",0.00717744951106831,21.4402985381461,0.0702417251829262,0.101702069846725,0.0240839246384036,2.02160454031155,0.478095460798905,20.30125,0,"Η σειρά πρώτα ενίσχυση και μετά αποθορυβοποίηση δίνει καλύτερη ποσοτική προσέγγιση στην καθαρή βελτιωμένη εικόνα. Για Gaussian noise με Gaussian filter, το PSNR είναι 21.44 dB."
111_low.png,111,111_high.png,Gaussian noise,Final enhanced image,Gaussian filter,enhance -> denoise,"gamma 0.6 + contrast stretch",0.00290151431433203,25.3737528254557,0.0423973991755163,0.0880053660933607,0.0208871447018773,1.75326684489487,0.472283706090929,41.8404166666667,0,"Η σειρά πρώτα ενίσχυση και μετά αποθορυβοποίηση δίνει καλύτερη ποσοτική προσέγγιση στην καθαρή βελτιωμένη εικόνα. Για Gaussian noise με Gaussian filter, το PSNR είναι 25.37 dB."
111_low.png,111,111_high.png,Gaussian noise,Final enhanced image,Median filter,denoise -> enhance,"gamma 0.6 + contrast stretch",0.0118897426100237,19.2482754691674,0.0907095481128869,0.13149420274564,0.0390369958277125,3.27676527768182,0.386138575850325,25.3670833333333,0,"Η σειρά πρώτα ενίσχυση και μετά αποθορυβοποίηση δίνει καλύτερη ποσοτική προσέγγιση στην καθαρή βελτιωμένη εικόνα. Για Gaussian noise με Median filter, το PSNR είναι 19.25 dB."
111_low.png,111,111_high.png,Gaussian noise,Final enhanced image,Median filter,enhance -> denoise,"gamma 0.6 + contrast stretch",0.00589606915629936,22.2943743118309,0.0593148997227954,0.107516310926693,0.0319186222161836,2.67924902446477,0.386138575850325,37.585,0,"Η σειρά πρώτα ενίσχυση και μετά αποθορυβοποίηση δίνει καλύτερη ποσοτική προσέγγιση στην καθαρή βελτιωμένη εικόνα. Για Gaussian noise με Median filter, το PSNR είναι 22.29 dB."
111_low.png,111,111_high.png,Salt & Pepper noise,Noisy image,No filtering,,"",0.0213878276303986,16.6983332464035,0.0248209586056645,0.104908656612673,0.0373832710972566,8.08049691170643,0.0950198677999737,94.7075,0.00166666666666667,"Εικόνα μετά την τεχνητή προσθήκη θορύβου."
111_low.png,111,111_high.png,Salt & Pepper noise,Denoising,Mean filter,filter only,"3x3 average kernel",0.00284178963931252,25.4640807344129,0.0277242737835875,0.0509692379534276,0.0185701761102168,4.01399466403204,0.167810049979939,98.92125,0,"Το φίλτρο μειώνει αισθητά τον θόρυβο, με κέρδος PSNR 8.77 dB. Οι ακμές παραμένουν έντονες, αλλά μπορεί να παραμένει και θόρυβος. Το mean filter εξομαλύνει τον θόρυβο αλλά συχνά θολώνει περισσότερο τις λεπτομέρειες."
111_low.png,111,111_high.png,Salt & Pepper noise,Denoising,Gaussian filter,filter only,"sigma=1.0, filter size=5",0.00224171004275261,26.4942056256008,0.0257387126155513,0.0481855857689796,0.0163614072999103,3.53656320802271,0.185580522610021,99.1120833333333,0,"Το φίλτρο μειώνει αισθητά τον θόρυβο, με κέρδος PSNR 9.80 dB. Οι ακμές παραμένουν έντονες, αλλά μπορεί να παραμένει και θόρυβος. Η καταλληλότητα εξαρτάται από το είδος του θορύβου και τη λεπτομέρεια της εικόνας."
111_low.png,111,111_high.png,Salt & Pepper noise,Denoising,Median filter,filter only,"3x3 median",6.15644410269551e-05,42.1067005934196,0.00466589324618735,0.0416055374769432,0.00340314358384095,0.735598849757649,0.91938726314034,99.6870833333333,0,"Το φίλτρο μειώνει αισθητά τον θόρυβο, με κέρδος PSNR 25.41 dB. Παρατηρείται πιθανή θόλωση λεπτομερειών και ακμών. Το median filter είναι ιδιαίτερα κατάλληλο για Salt & Pepper θόρυβο."
111_low.png,111,111_high.png,Salt & Pepper noise,Denoising,Wiener filter,filter only,"5x5 adaptive Wiener",0.00751007519377947,21.2435571464962,0.0263131883771539,0.068367413252839,0.0213252167676784,4.60950428292886,0.0756347202374836,96.13875,0,"Το φίλτρο μειώνει αισθητά τον θόρυβο, με κέρδος PSNR 4.55 dB. Οι ακμές παραμένουν έντονες, αλλά μπορεί να παραμένει και θόρυβος. Το Wiener filter προσαρμόζεται στην τοπική διακύμανση της εικόνας."
111_low.png,111,111_high.png,Salt & Pepper noise,Final enhanced image,Gaussian filter,denoise -> enhance,"gamma 0.6 + contrast stretch",0.00939686643768255,20.2701694594338,0.0557901761787939,0.102899601269211,0.0329803435895558,2.76836991240894,0.257942930576224,22.8291666666667,0,"Η σειρά πρώτα ενίσχυση και μετά αποθορυβοποίηση δίνει καλύτερη ποσοτική προσέγγιση στην καθαρή βελτιωμένη εικόνα. Για Salt & Pepper noise με Gaussian filter, το PSNR είναι 20.27 dB."
111_low.png,111,111_high.png,Salt & Pepper noise,Final enhanced image,Gaussian filter,enhance -> denoise,"gamma 0.6 + contrast stretch",0.00622235799715885,22.0604500580881,0.0696108900100605,0.0717321511265299,0.0164445341986355,1.38035413656209,0.447580701254254,68.66375,0,"Η σειρά πρώτα ενίσχυση και μετά αποθορυβοποίηση δίνει καλύτερη ποσοτική προσέγγιση στην καθαρή βελτιωμένη εικόνα. Για Salt & Pepper noise με Gaussian filter, το PSNR είναι 22.06 dB."
111_low.png,111,111_high.png,Salt & Pepper noise,Final enhanced image,Median filter,denoise -> enhance,"gamma 0.6 + contrast stretch",0.00649731215568043,21.872662675685,0.0747170075237794,0.0713129197144516,0.00640951301674633,0.538014497652873,0.934810796287307,80.6079166666667,0,"Η σειρά πρώτα αποθορυβοποίηση και μετά ενίσχυση δίνει καλύτερη ποσοτική προσέγγιση στην καθαρή βελτιωμένη εικόνα. Για Salt & Pepper noise με Median filter, το PSNR είναι 21.87 dB."
111_low.png,111,111_high.png,Salt & Pepper noise,Final enhanced image,Median filter,enhance -> denoise,"gamma 0.6 + contrast stretch",0.00649731215568043,21.872662675685,0.0747170075237794,0.0713129197144516,0.00640951301674633,0.538014497652873,0.934810796287307,80.6079166666667,0,"Η σειρά πρώτα αποθορυβοποίηση και μετά ενίσχυση δίνει καλύτερη ποσοτική προσέγγιση στην καθαρή βελτιωμένη εικόνα. Για Salt & Pepper noise με Median filter, το PSNR είναι 21.87 dB."
146_low.png,146,146_high.png,Gaussian noise,Noisy image,No filtering,,"",0.0040996453588703,23.8725371043812,0.0499006629965033,0.0592429208996784,0.0238998814574909,3.91015828741258,0.239471909840321,99.5204166666667,0,"Εικόνα μετά την τεχνητή προσθήκη θορύβου."
146_low.png,146,146_high.png,Gaussian noise,Denoising,Mean filter,filter only,"3x3 average kernel",0.000686706244492688,31.6322900337558,0.0209520096003411,0.0428282522682807,0.00987729859380054,1.61598295047997,0.398946851369223,100,0,"Το φίλτρο μειώνει αισθητά τον θόρυβο, με κέρδος PSNR 7.76 dB. Οι ακμές παραμένουν έντονες, αλλά μπορεί να παραμένει και θόρυβος. Το mean filter εξομαλύνει τον θόρυβο αλλά συχνά θολώνει περισσότερο τις λεπτομέρειες."
146_low.png,146,146_high.png,Gaussian noise,Denoising,Gaussian filter,filter only,"sigma=1.0, filter size=5",0.000563912566423079,32.4878822733505,0.0190130950906232,0.0421168258015598,0.00879034024013553,1.43815030213755,0.433952092198067,100,0,"Το φίλτρο μειώνει αισθητά τον θόρυβο, με κέρδος PSNR 8.62 dB. Οι ακμές παραμένουν έντονες, αλλά μπορεί να παραμένει και θόρυβος. Το Gaussian filter είναι φυσική επιλογή για Gaussian θόρυβο."
146_low.png,146,146_high.png,Gaussian noise,Denoising,Median filter,filter only,"3x3 median",0.000890140950741204,30.5054121888054,0.0231858011840311,0.0496514684540693,0.0123615797979895,2.02242566677965,0.380992360740018,100,0,"Το φίλτρο μειώνει αισθητά τον θόρυβο, με κέρδος PSNR 6.63 dB. Οι ακμές παραμένουν έντονες, αλλά μπορεί να παραμένει και θόρυβος. Η καταλληλότητα εξαρτάται από το είδος του θορύβου και τη λεπτομέρεια της εικόνας."
146_low.png,146,146_high.png,Gaussian noise,Denoising,Wiener filter,filter only,"5x5 adaptive Wiener",0.000598712272086488,32.2278183982522,0.0192349609382475,0.041966752703134,0.00690478934421535,1.12966331339939,0.343674502386044,99.9995833333333,0,"Το φίλτρο μειώνει αισθητά τον θόρυβο, με κέρδος PSNR 8.36 dB. Η ένταση των ακμών διατηρείται σε λογικά επίπεδα. Το Wiener filter προσαρμόζεται στην τοπική διακύμανση της εικόνας."
146_low.png,146,146_high.png,Gaussian noise,Final enhanced image,Gaussian filter,denoise -> enhance,"gamma 0.6 + contrast stretch",0.0751566103676278,11.2403281521109,0.260570387734414,0.161676365138489,0.0323100344899184,2.37917575414767,0.477237084327515,7.16958333333333,0,"Η σειρά πρώτα ενίσχυση και μετά αποθορυβοποίηση δίνει καλύτερη ποσοτική προσέγγιση στην καθαρή βελτιωμένη εικόνα. Για Gaussian noise με Gaussian filter, το PSNR είναι 11.24 dB."
146_low.png,146,146_high.png,Gaussian noise,Final enhanced image,Gaussian filter,enhance -> denoise,"gamma 0.6 + contrast stretch",0.00255456769299928,25.9268258454307,0.0391173657287965,0.0912755208157009,0.0180887598363968,1.33198059069804,0.490340603894809,35.5329166666667,0,"Η σειρά πρώτα ενίσχυση και μετά αποθορυβοποίηση δίνει καλύτερη ποσοτική προσέγγιση στην καθαρή βελτιωμένη εικόνα. Για Gaussian noise με Gaussian filter, το PSNR είναι 25.93 dB."
146_low.png,146,146_high.png,Gaussian noise,Final enhanced image,Median filter,denoise -> enhance,"gamma 0.6 + contrast stretch",0.0618328475090683,12.087807530321,0.22442509991946,0.196566346130669,0.0461131719537263,3.39558104443933,0.433976830452709,17.1258333333333,0,"Η σειρά πρώτα ενίσχυση και μετά αποθορυβοποίηση δίνει καλύτερη ποσοτική προσέγγιση στην καθαρή βελτιωμένη εικόνα. Για Gaussian noise με Median filter, το PSNR είναι 12.09 dB."
146_low.png,146,146_high.png,Gaussian noise,Final enhanced image,Median filter,enhance -> denoise,"gamma 0.6 + contrast stretch",0.00410525102338623,23.8666028197004,0.0491215043013118,0.110379213209235,0.0258942374370175,1.90674330296731,0.433976830452709,32.5504166666667,0,"Η σειρά πρώτα ενίσχυση και μετά αποθορυβοποίηση δίνει καλύτερη ποσοτική προσέγγιση στην καθαρή βελτιωμένη εικόνα. Για Gaussian noise με Median filter, το PSNR είναι 23.87 dB."
146_low.png,146,146_high.png,Salt & Pepper noise,Noisy image,No filtering,,"",0.020965059635183,16.7850389790653,0.0251193246187364,0.106989612535737,0.0383751555922202,6.27839652412319,0.11601741059271,94.9783333333333,0.00125,"Εικόνα μετά την τεχνητή προσθήκη θορύβου."
146_low.png,146,146_high.png,Salt & Pepper noise,Denoising,Mean filter,filter only,"3x3 average kernel",0.00284394167801874,25.4607931412172,0.0289125187605906,0.0560212663011001,0.0188206142098428,3.07916090536701,0.164116459317612,99.2370833333333,0,"Το φίλτρο μειώνει αισθητά τον θόρυβο, με κέρδος PSNR 8.68 dB. Οι ακμές παραμένουν έντονες, αλλά μπορεί να παραμένει και θόρυβος. Το mean filter εξομαλύνει τον θόρυβο αλλά συχνά θολώνει περισσότερο τις λεπτομέρειες."
146_low.png,146,146_high.png,Salt & Pepper noise,Denoising,Gaussian filter,filter only,"sigma=1.0, filter size=5",0.0022457245644818,26.4864351052381,0.0265692846498088,0.0534924054227843,0.016573830076754,2.71157407805783,0.180426910166122,99.5445833333333,0,"Το φίλτρο μειώνει αισθητά τον θόρυβο, με κέρδος PSNR 9.70 dB. Οι ακμές παραμένουν έντονες, αλλά μπορεί να παραμένει και θόρυβος. Η καταλληλότητα εξαρτάται από το είδος του θορύβου και τη λεπτομέρεια της εικόνας."
146_low.png,146,146_high.png,Salt & Pepper noise,Denoising,Median filter,filter only,"3x3 median",0.000124991669870563,39.0311892979033,0.0057459368191721,0.0490857451358361,0.00425719054626719,0.696500897930759,0.858444921662937,100,0,"Το φίλτρο μειώνει αισθητά τον θόρυβο, με κέρδος PSNR 22.25 dB. Παρατηρείται πιθανή θόλωση λεπτομερειών και ακμών. Το median filter είναι ιδιαίτερα κατάλληλο για Salt & Pepper θόρυβο."
146_low.png,146,146_high.png,Salt & Pepper noise,Denoising,Wiener filter,filter only,"5x5 adaptive Wiener",0.0073382622770813,21.3440677016885,0.0273111819145007,0.0713748156433586,0.0210815801598963,3.44906795962933,0.078277308470242,96.4908333333333,0,"Το φίλτρο μειώνει αισθητά τον θόρυβο, με κέρδος PSNR 4.56 dB. Οι ακμές παραμένουν έντονες, αλλά μπορεί να παραμένει και θόρυβος. Το Wiener filter προσαρμόζεται στην τοπική διακύμανση της εικόνας."
146_low.png,146,146_high.png,Salt & Pepper noise,Final enhanced image,Gaussian filter,denoise -> enhance,"gamma 0.6 + contrast stretch",0.0179180924824487,17.4670822617173,0.10236588492536,0.126201107850326,0.0337487363989876,2.48511574318023,0.274794987048509,18.2,0,"Η σειρά πρώτα ενίσχυση και μετά αποθορυβοποίηση δίνει καλύτερη ποσοτική προσέγγιση στην καθαρή βελτιωμένη εικόνα. Για Salt & Pepper noise με Gaussian filter, το PSNR είναι 17.47 dB."
146_low.png,146,146_high.png,Salt & Pepper noise,Final enhanced image,Gaussian filter,enhance -> denoise,"gamma 0.6 + contrast stretch",0.00332532767930412,24.7816555267613,0.0490185676031992,0.0898762906052141,0.0171388610824425,1.2620340208481,0.452383451278125,38.7958333333333,0,"Η σειρά πρώτα ενίσχυση και μετά αποθορυβοποίηση δίνει καλύτερη ποσοτική προσέγγιση στην καθαρή βελτιωμένη εικόνα. Για Salt & Pepper noise με Gaussian filter, το PSNR είναι 24.78 dB."
146_low.png,146,146_high.png,Salt & Pepper noise,Final enhanced image,Median filter,denoise -> enhance,"gamma 0.6 + contrast stretch",0.142529665248974,8.46094734861792,0.349929239677747,0.247614119465536,0.0210095336648574,1.54705415486247,0.855313573574289,15.9120833333333,0,"Η σειρά πρώτα ενίσχυση και μετά αποθορυβοποίηση δίνει καλύτερη ποσοτική προσέγγιση στην καθαρή βελτιωμένη εικόνα. Για Salt & Pepper noise με Median filter, το PSNR είναι 8.46 dB."
146_low.png,146,146_high.png,Salt & Pepper noise,Final enhanced image,Median filter,enhance -> denoise,"gamma 0.6 + contrast stretch",0.00266285567227136,25.7465237183923,0.0467249474218571,0.0920383756090065,0.00780926126098943,0.57504132518794,0.855313573574291,38.66375,0,"Η σειρά πρώτα ενίσχυση και μετά αποθορυβοποίηση δίνει καλύτερη ποσοτική προσέγγιση στην καθαρή βελτιωμένη εικόνα. Για Salt & Pepper noise με Median filter, το PSNR είναι 25.75 dB."
179_low.png,179,179_high.png,Gaussian noise,Noisy image,No filtering,,"",0.00381875132202363,24.1807862206379,0.0488618569243631,0.0470660251311191,0.0231702496700762,3.34765257863452,0.293290717824128,99.8495833333333,0,"Εικόνα μετά την τεχνητή προσθήκη θορύβου."
179_low.png,179,179_high.png,Gaussian noise,Denoising,Mean filter,filter only,"3x3 average kernel",0.000657933463039238,31.8181802446509,0.0203335367601201,0.0259802123197257,0.0096514851659934,1.39445278594982,0.475595691835185,99.9966666666667,0,"Το φίλτρο μειώνει αισθητά τον θόρυβο, με κέρδος PSNR 7.64 dB. Οι ακμές παραμένουν έντονες, αλλά μπορεί να παραμένει και θόρυβος. Το mean filter εξομαλύνει τον θόρυβο αλλά συχνά θολώνει περισσότερο τις λεπτομέρειες."
179_low.png,179,179_high.png,Gaussian noise,Denoising,Gaussian filter,filter only,"sigma=1.0, filter size=5",0.000542698287285436,32.6544154901875,0.0184617741168131,0.0248459037926328,0.008587293625497,1.24069770754405,0.505482227705257,99.9979166666667,0,"Το φίλτρο μειώνει αισθητά τον θόρυβο, με κέρδος PSNR 8.47 dB. Η ένταση των ακμών διατηρείται σε λογικά επίπεδα. Το Gaussian filter είναι φυσική επιλογή για Gaussian θόρυβο."
179_low.png,179,179_high.png,Gaussian noise,Denoising,Median filter,filter only,"3x3 median",0.000910639967422178,30.4065329269465,0.0237712362652669,0.0313290752870415,0.0126580455750305,1.82884256808204,0.402422054406665,99.995,0,"Το φίλτρο μειώνει αισθητά τον θόρυβο, με κέρδος PSNR 6.23 dB. Οι ακμές παραμένουν έντονες, αλλά μπορεί να παραμένει και θόρυβος. Η καταλληλότητα εξαρτάται από το είδος του θορύβου και τη λεπτομέρεια της εικόνας."
179_low.png,179,179_high.png,Gaussian noise,Denoising,Wiener filter,filter only,"5x5 adaptive Wiener",0.000552863886718195,32.5738177741745,0.0179664791943602,0.0245573284027734,0.00659986118599212,0.953552190093587,0.53638728084695,99.9916666666667,0,"Το φίλτρο μειώνει αισθητά τον θόρυβο, με κέρδος PSNR 8.39 dB. Η ένταση των ακμών διατηρείται σε λογικά επίπεδα. Το Wiener filter προσαρμόζεται στην τοπική διακύμανση της εικόνας."
179_low.png,179,179_high.png,Gaussian noise,Final enhanced image,Gaussian filter,denoise -> enhance,"gamma 0.6 + contrast stretch",0.0286462820118248,15.4293173692624,0.154540699295179,0.0830482772333444,0.0294640226178896,1.72323509746859,0.461988768178676,1.67041666666667,0,"Η σειρά πρώτα ενίσχυση και μετά αποθορυβοποίηση δίνει καλύτερη ποσοτική προσέγγιση στην καθαρή βελτιωμένη εικόνα. Για Gaussian noise με Gaussian filter, το PSNR είναι 15.43 dB."
179_low.png,179,179_high.png,Gaussian noise,Final enhanced image,Gaussian filter,enhance -> denoise,"gamma 0.6 + contrast stretch",0.0033500428843175,24.7494963346965,0.0451591561408499,0.0622024628432028,0.0221531793051589,1.29565255207162,0.463965291236873,30.5129166666667,0,"Η σειρά πρώτα ενίσχυση και μετά αποθορυβοποίηση δίνει καλύτερη ποσοτική προσέγγιση στην καθαρή βελτιωμένη εικόνα. Για Gaussian noise με Gaussian filter, το PSNR είναι 24.75 dB."
179_low.png,179,179_high.png,Gaussian noise,Final enhanced image,Median filter,denoise -> enhance,"gamma 0.6 + contrast stretch",0.025752255332991,15.8918473028177,0.137937292837591,0.115429001944597,0.04714719833873,2.75745467542788,0.356281376755792,12.2266666666667,0,"Η σειρά πρώτα ενίσχυση και μετά αποθορυβοποίηση δίνει καλύτερη ποσοτική προσέγγιση στην καθαρή βελτιωμένη εικόνα. Για Gaussian noise με Median filter, το PSNR είναι 15.89 dB."
179_low.png,179,179_high.png,Gaussian noise,Final enhanced image,Median filter,enhance -> denoise,"gamma 0.6 + contrast stretch",0.00649463068913851,21.8744553962242,0.0620599015739132,0.0829076996453682,0.0338638097283748,1.9805613854811,0.356281376755793,30.3225,0,"Η σειρά πρώτα ενίσχυση και μετά αποθορυβοποίηση δίνει καλύτερη ποσοτική προσέγγιση στην καθαρή βελτιωμένη εικόνα. Για Gaussian noise με Median filter, το PSNR είναι 21.87 dB."
179_low.png,179,179_high.png,Salt & Pepper noise,Noisy image,No filtering,,"",0.0214293484557222,16.6899103317591,0.0249797385620915,0.101294123837697,0.0387464587178066,5.59811328261765,0.105823520753783,95.0291666666667,0.00125,"Εικόνα μετά την τεχνητή προσθήκη θορύβου."
179_low.png,179,179_high.png,Salt & Pepper noise,Denoising,Mean filter,filter only,"3x3 average kernel",0.00292978009671283,25.3316497567599,0.0294995679012345,0.0411725314505832,0.0189943114698049,2.74431034091962,0.161137775334333,99.735,0,"Το φίλτρο μειώνει αισθητά τον θόρυβο, με κέρδος PSNR 8.64 dB. Οι ακμές παραμένουν έντονες, αλλά μπορεί να παραμένει και θόρυβος. Το mean filter εξομαλύνει τον θόρυβο αλλά συχνά θολώνει περισσότερο τις λεπτομέρειες."
179_low.png,179,179_high.png,Salt & Pepper noise,Denoising,Gaussian filter,filter only,"sigma=1.0, filter size=5",0.00232200255412648,26.3413730688753,0.0271948473087173,0.037558389272493,0.0167181910688597,2.41545500107632,0.174620376246327,99.8470833333333,0,"Το φίλτρο μειώνει αισθητά τον θόρυβο, με κέρδος PSNR 9.65 dB. Οι ακμές παραμένουν έντονες, αλλά μπορεί να παραμένει και θόρυβος. Η καταλληλότητα εξαρτάται από το είδος του θορύβου και τη λεπτομέρεια της εικόνας."
179_low.png,179,179_high.png,Salt & Pepper noise,Denoising,Median filter,filter only,"3x3 median",0.000129827032337989,38.8663487014815,0.00661143790849671,0.027307425132398,0.00464886746861495,0.671671362658552,0.872063153024097,99.9975,0,"Το φίλτρο μειώνει αισθητά τον θόρυβο, με κέρδος PSNR 22.18 dB. Παρατηρείται πιθανή θόλωση λεπτομερειών και ακμών. Το median filter είναι ιδιαίτερα κατάλληλο για Salt & Pepper θόρυβο."
179_low.png,179,179_high.png,Salt & Pepper noise,Denoising,Wiener filter,filter only,"5x5 adaptive Wiener",0.0075863729309101,21.1996581206093,0.0279720002679269,0.061363392514189,0.0214341261813628,3.096816340071,0.0626955955852679,96.4858333333333,0,"Το φίλτρο μειώνει αισθητά τον θόρυβο, με κέρδος PSNR 4.51 dB. Οι ακμές παραμένουν έντονες, αλλά μπορεί να παραμένει και θόρυβος. Το Wiener filter προσαρμόζεται στην τοπική διακύμανση της εικόνας."
179_low.png,179,179_high.png,Salt & Pepper noise,Final enhanced image,Gaussian filter,denoise -> enhance,"gamma 0.6 + contrast stretch",0.00989901109213672,20.0440818910747,0.059130267479034,0.0797140471470874,0.03334459143488,1.95019434435432,0.226331600390856,15.2275,0,"Η σειρά πρώτα ενίσχυση και μετά αποθορυβοποίηση δίνει καλύτερη ποσοτική προσέγγιση στην καθαρή βελτιωμένη εικόνα. Για Salt & Pepper noise με Gaussian filter, το PSNR είναι 20.04 dB."
179_low.png,179,179_high.png,Salt & Pepper noise,Final enhanced image,Gaussian filter,enhance -> denoise,"gamma 0.6 + contrast stretch",0.00752533998627907,21.2347387436143,0.0754769283290907,0.0523275872627942,0.0170670765278356,0.998186353077653,0.418995924962391,74.2816666666667,0,"Η σειρά πρώτα ενίσχυση και μετά αποθορυβοποίηση δίνει καλύτερη ποσοτική προσέγγιση στην καθαρή βελτιωμένη εικόνα. Για Salt & Pepper noise με Gaussian filter, το PSNR είναι 21.23 dB."
179_low.png,179,179_high.png,Salt & Pepper noise,Final enhanced image,Median filter,denoise -> enhance,"gamma 0.6 + contrast stretch",0.00774545658394821,21.109529760914,0.079821422083073,0.0501623543233232,0.00825545688176796,0.482829287392128,0.87916487048149,88.3091666666667,0,"Η σειρά πρώτα αποθορυβοποίηση και μετά ενίσχυση δίνει καλύτερη ποσοτική προσέγγιση στην καθαρή βελτιωμένη εικόνα. Για Salt & Pepper noise με Median filter, το PSNR είναι 21.11 dB."
179_low.png,179,179_high.png,Salt & Pepper noise,Final enhanced image,Median filter,enhance -> denoise,"gamma 0.6 + contrast stretch",0.00774545658394821,21.109529760914,0.079821422083073,0.0501623543233232,0.00825545688176796,0.482829287392128,0.87916487048149,88.3091666666667,0,"Η σειρά πρώτα αποθορυβοποίηση και μετά ενίσχυση δίνει καλύτερη ποσοτική προσέγγιση στην καθαρή βελτιωμένη εικόνα. Για Salt & Pepper noise με Median filter, το PSNR είναι 21.11 dB."
493_low.png,493,493_high.png,Gaussian noise,Noisy image,No filtering,,"",0.00288092430879716,25.404681518909,0.0373373878738354,0.0371900362587028,0.0177624709647431,5.9826152896663,0.0919907358670244,99.99625,0,"Εικόνα μετά την τεχνητή προσθήκη θορύβου."
493_low.png,493,493_high.png,Gaussian noise,Denoising,Mean filter,filter only,"3x3 average kernel",0.000731161188375971,31.3598686995681,0.0225863126387019,0.0202615322345596,0.00703677947178049,2.37007252771561,0.175139568219011,100,0,"Το φίλτρο μειώνει αισθητά τον θόρυβο, με κέρδος PSNR 5.96 dB. Οι ακμές παραμένουν έντονες, αλλά μπορεί να παραμένει και θόρυβος. Το mean filter εξομαλύνει τον θόρυβο αλλά συχνά θολώνει περισσότερο τις λεπτομέρειες."
493_low.png,493,493_high.png,Gaussian noise,Denoising,Gaussian filter,filter only,"sigma=1.0, filter size=5",0.000661046068261044,31.7976827350317,0.0217952271105354,0.0194512125248011,0.00620623646592555,2.09033558709424,0.193061713881578,100,0,"Το φίλτρο μειώνει αισθητά τον θόρυβο, με κέρδος PSNR 6.39 dB. Οι ακμές παραμένουν έντονες, αλλά μπορεί να παραμένει και θόρυβος. Το Gaussian filter είναι φυσική επιλογή για Gaussian θόρυβο."
493_low.png,493,493_high.png,Gaussian noise,Denoising,Median filter,filter only,"3x3 median",0.000596894527733107,32.2410240265667,0.0179134635502474,0.0258383564719437,0.00937812251516369,3.1586652138065,0.170875639481928,100,0,"Το φίλτρο μειώνει αισθητά τον θόρυβο, με κέρδος PSNR 6.84 dB. Οι ακμές παραμένουν έντονες, αλλά μπορεί να παραμένει και θόρυβος. Η καταλληλότητα εξαρτάται από το είδος του θορύβου και τη λεπτομέρεια της εικόνας."
493_low.png,493,493_high.png,Gaussian noise,Denoising,Wiener filter,filter only,"5x5 adaptive Wiener",0.000725299654167526,31.3948252961556,0.0226038212826892,0.020035830101692,0.00502671532708938,1.69305858584297,0.16984485396667,100,0,"Το φίλτρο μειώνει αισθητά τον θόρυβο, με κέρδος PSNR 5.99 dB. Οι ακμές παραμένουν έντονες, αλλά μπορεί να παραμένει και θόρυβος. Το Wiener filter προσαρμόζεται στην τοπική διακύμανση της εικόνας."
493_low.png,493,493_high.png,Gaussian noise,Final enhanced image,Gaussian filter,denoise -> enhance,"gamma 0.6 + contrast stretch",0.033033510525636,14.8104527066528,0.147005004168852,0.10532313303313,0.0358387890235859,1.23244290972442,0.134692886238559,8.88125,0,"Η σειρά πρώτα ενίσχυση και μετά αποθορυβοποίηση δίνει καλύτερη ποσοτική προσέγγιση στην καθαρή βελτιωμένη εικόνα. Για Gaussian noise με Gaussian filter, το PSNR είναι 14.81 dB."
493_low.png,493,493_high.png,Gaussian noise,Final enhanced image,Gaussian filter,enhance -> denoise,"gamma 0.6 + contrast stretch",0.0307555318138639,15.1207675890752,0.145108676095782,0.076089829718842,0.0250144286781802,0.860209178522794,0.131598856161538,73.5283333333333,0,"Η σειρά πρώτα ενίσχυση και μετά αποθορυβοποίηση δίνει καλύτερη ποσοτική προσέγγιση στην καθαρή βελτιωμένη εικόνα. Για Gaussian noise με Gaussian filter, το PSNR είναι 15.12 dB."
493_low.png,493,493_high.png,Gaussian noise,Final enhanced image,Median filter,denoise -> enhance,"gamma 0.6 + contrast stretch",0.0336974343668778,14.7240316389792,0.142906952887875,0.163655741440709,0.0650192557707386,2.2359159713089,0.129059465744689,53.77375,0,"Η σειρά πρώτα αποθορυβοποίηση και μετά ενίσχυση δίνει καλύτερη ποσοτική προσέγγιση στην καθαρή βελτιωμένη εικόνα. Για Gaussian noise με Median filter, το PSNR είναι 14.72 dB."
493_low.png,493,493_high.png,Gaussian noise,Final enhanced image,Median filter,enhance -> denoise,"gamma 0.6 + contrast stretch",0.0375987993662693,14.2482602307578,0.155353445209915,0.119543803775625,0.0474938983812573,1.63324486987078,0.129059465744689,71.4429166666667,0,"Η σειρά πρώτα αποθορυβοποίηση και μετά ενίσχυση δίνει καλύτερη ποσοτική προσέγγιση στην καθαρή βελτιωμένη εικόνα. Για Gaussian noise με Median filter, το PSNR είναι 14.25 dB."
493_low.png,493,493_high.png,Salt & Pepper noise,Noisy image,No filtering,,"",0.0236290402622923,16.2655391769286,0.024838720043573,0.104314384687428,0.0373513801354191,12.5803970816809,0.0396130971548515,95.11,0.00291666666666667,"Εικόνα μετά την τεχνητή προσθήκη θορύβου."
493_low.png,493,493_high.png,Salt & Pepper noise,Denoising,Mean filter,filter only,"3x3 average kernel",0.00315980461324098,25.0033977118373,0.0269969214475914,0.0409198083989381,0.0188169268457375,6.33776879778108,0.052347973031015,99.9654166666667,0,"Το φίλτρο μειώνει αισθητά τον θόρυβο, με κέρδος PSNR 8.74 dB. Οι ακμές παραμένουν έντονες, αλλά μπορεί να παραμένει και θόρυβος. Το mean filter εξομαλύνει τον θόρυβο αλλά συχνά θολώνει περισσότερο τις λεπτομέρειες."
493_low.png,493,493_high.png,Salt & Pepper noise,Denoising,Gaussian filter,filter only,"sigma=1.0, filter size=5",0.00250239935437237,26.016433806697,0.0259076512591761,0.0371165285342028,0.016543975018336,5.57221110131654,0.053402666082812,99.9858333333333,0,"Το φίλτρο μειώνει αισθητά τον θόρυβο, με κέρδος PSNR 9.75 dB. Οι ακμές παραμένουν έντονες, αλλά μπορεί να παραμένει και θόρυβος. Η καταλληλότητα εξαρτάται από το είδος του θορύβου και τη λεπτομέρεια της εικόνας."
493_low.png,493,493_high.png,Salt & Pepper noise,Denoising,Median filter,filter only,"3x3 median",2.68459353240205e-05,45.711214604292,0.0028039596949891,0.0243895967575146,0.00224194466959575,0.75511411027961,0.906403119285926,100,0,"Το φίλτρο μειώνει αισθητά τον θόρυβο, με κέρδος PSNR 29.45 dB. Η ένταση των ακμών διατηρείται σε λογικά επίπεδα. Το median filter είναι ιδιαίτερα κατάλληλο για Salt & Pepper θόρυβο."
493_low.png,493,493_high.png,Salt & Pepper noise,Denoising,Wiener filter,filter only,"5x5 adaptive Wiener",0.00837268433959075,20.7713528191461,0.0262006986176826,0.0630556704347142,0.021636172539048,7.28732488283274,0.0198893185225182,97.0904166666667,0,"Το φίλτρο μειώνει αισθητά τον θόρυβο, με κέρδος PSNR 4.51 dB. Οι ακμές παραμένουν έντονες, αλλά μπορεί να παραμένει και θόρυβος. Το Wiener filter προσαρμόζεται στην τοπική διακύμανση της εικόνας."
493_low.png,493,493_high.png,Salt & Pepper noise,Final enhanced image,Gaussian filter,denoise -> enhance,"gamma 0.6 + contrast stretch",0.0378262514813042,14.2220669443674,0.155638999628302,0.110481653757185,0.0454243987352846,1.56207784010095,0.0998836995260297,62.6408333333333,0,"Η σειρά πρώτα αποθορυβοποίηση και μετά ενίσχυση δίνει καλύτερη ποσοτική προσέγγιση στην καθαρή βελτιωμένη εικόνα. Για Salt & Pepper noise με Gaussian filter, το PSNR είναι 14.22 dB."
493_low.png,493,493_high.png,Salt & Pepper noise,Final enhanced image,Gaussian filter,enhance -> denoise,"gamma 0.6 + contrast stretch",0.053952288215459,12.6799013136525,0.182256487596097,0.0657927156630401,0.0173572272850369,0.596889355994728,0.254800628165815,97.51,0,"Η σειρά πρώτα αποθορυβοποίηση και μετά ενίσχυση δίνει καλύτερη ποσοτική προσέγγιση στην καθαρή βελτιωμένη εικόνα. Για Salt & Pepper noise με Gaussian filter, το PSNR είναι 12.68 dB."
493_low.png,493,493_high.png,Salt & Pepper noise,Final enhanced image,Median filter,denoise -> enhance,"gamma 0.6 + contrast stretch",0.0578047345723374,12.3803658866545,0.188919720884017,0.0638943830417142,0.00711324310790644,0.24461390220847,0.87611640187989,99.88625,0,"Η σειρά πρώτα αποθορυβοποίηση και μετά ενίσχυση δίνει καλύτερη ποσοτική προσέγγιση στην καθαρή βελτιωμένη εικόνα. Για Salt & Pepper noise με Median filter, το PSNR είναι 12.38 dB."
493_low.png,493,493_high.png,Salt & Pepper noise,Final enhanced image,Median filter,enhance -> denoise,"gamma 0.6 + contrast stretch",0.0578047345723374,12.3803658866545,0.188919720884017,0.0638943830417142,0.00711324310790644,0.24461390220847,0.87611640187989,99.88625,0,"Η σειρά πρώτα αποθορυβοποίηση και μετά ενίσχυση δίνει καλύτερη ποσοτική προσέγγιση στην καθαρή βελτιωμένη εικόνα. Για Salt & Pepper noise με Median filter, το PSNR είναι 12.38 dB."
547_low.png,547,547_high.png,Gaussian noise,Noisy image,No filtering,,"",0.00354895244258922,24.4989982033667,0.0469125630093659,0.0462630691225819,0.0218091257497041,4.49027171646683,0.148753123308849,99.965,0,"Εικόνα μετά την τεχνητή προσθήκη θορύβου."
547_low.png,547,547_high.png,Gaussian noise,Denoising,Mean filter,filter only,"3x3 average kernel",0.000586197083991522,32.3195634626869,0.019329385575045,0.027060054630144,0.00880407695261882,1.81266769624996,0.308706677817269,100,0,"Το φίλτρο μειώνει αισθητά τον θόρυβο, με κέρδος PSNR 7.82 dB. Οι ακμές παραμένουν έντονες, αλλά μπορεί να παραμένει και θόρυβος. Το mean filter εξομαλύνει τον θόρυβο αλλά συχνά θολώνει περισσότερο τις λεπτομέρειες."
547_low.png,547,547_high.png,Gaussian noise,Denoising,Gaussian filter,filter only,"sigma=1.0, filter size=5",0.000485886310123073,33.1346533703858,0.0176278581784966,0.0261444929725218,0.00778866308697954,1.60360456305902,0.332344050902768,100,0,"Το φίλτρο μειώνει αισθητά τον θόρυβο, με κέρδος PSNR 8.64 dB. Οι ακμές παραμένουν έντονες, αλλά μπορεί να παραμένει και θόρυβος. Το Gaussian filter είναι φυσική επιλογή για Gaussian θόρυβο."
547_low.png,547,547_high.png,Gaussian noise,Denoising,Median filter,filter only,"3x3 median",0.000820821296881969,30.8575138395944,0.0226907865584901,0.0334992256202691,0.011901602835319,2.45041599582595,0.249212162681564,100,0,"Το φίλτρο μειώνει αισθητά τον θόρυβο, με κέρδος PSNR 6.36 dB. Οι ακμές παραμένουν έντονες, αλλά μπορεί να παραμένει και θόρυβος. Η καταλληλότητα εξαρτάται από το είδος του θορύβου και τη λεπτομέρεια της εικόνας."
547_low.png,547,547_high.png,Gaussian noise,Denoising,Wiener filter,filter only,"5x5 adaptive Wiener",0.000498767873602808,33.0210152786061,0.0173025759934423,0.0260738162739073,0.00590478963178147,1.21573465069477,0.29824334632277,100,0,"Το φίλτρο μειώνει αισθητά τον θόρυβο, με κέρδος PSNR 8.52 dB. Η ένταση των ακμών διατηρείται σε λογικά επίπεδα. Το Wiener filter προσαρμόζεται στην τοπική διακύμανση της εικόνας."
547_low.png,547,547_high.png,Gaussian noise,Final enhanced image,Gaussian filter,denoise -> enhance,"gamma 0.6 + contrast stretch",0.0127699100434939,18.9381216207502,0.0870357638253715,0.126847644916541,0.0382762118952599,1.50527362883277,0.335372391155774,1.80708333333333,0,"Η σειρά πρώτα αποθορυβοποίηση και μετά ενίσχυση δίνει καλύτερη ποσοτική προσέγγιση στην καθαρή βελτιωμένη εικόνα. Για Gaussian noise με Gaussian filter, το PSNR είναι 18.94 dB."
547_low.png,547,547_high.png,Gaussian noise,Final enhanced image,Gaussian filter,enhance -> denoise,"gamma 0.6 + contrast stretch",0.0390176808551604,14.0873854790252,0.177504698859761,0.084889007393244,0.025435310187383,1.00028450493008,0.326733008481071,32.5791666666667,0,"Η σειρά πρώτα αποθορυβοποίηση και μετά ενίσχυση δίνει καλύτερη ποσοτική προσέγγιση στην καθαρή βελτιωμένη εικόνα. Για Gaussian noise με Gaussian filter, το PSNR είναι 14.09 dB."
547_low.png,547,547_high.png,Gaussian noise,Final enhanced image,Median filter,denoise -> enhance,"gamma 0.6 + contrast stretch",0.0226059852661479,16.4577655979419,0.115962359208769,0.161785514855641,0.0578787725327331,2.27617587135164,0.278373807929872,16.4283333333333,0,"Η σειρά πρώτα αποθορυβοποίηση και μετά ενίσχυση δίνει καλύτερη ποσοτική προσέγγιση στην καθαρή βελτιωμένη εικόνα. Για Gaussian noise με Median filter, το PSNR είναι 16.46 dB."
547_low.png,547,547_high.png,Gaussian noise,Final enhanced image,Median filter,enhance -> denoise,"gamma 0.6 + contrast stretch",0.0413326650412901,13.8370659144194,0.176032708688858,0.114507646839402,0.040965113907694,1.61101902759135,0.278373807929872,31.9970833333333,0,"Η σειρά πρώτα αποθορυβοποίηση και μετά ενίσχυση δίνει καλύτερη ποσοτική προσέγγιση στην καθαρή βελτιωμένη εικόνα. Για Gaussian noise με Median filter, το PSNR είναι 13.84 dB."
547_low.png,547,547_high.png,Salt & Pepper noise,Noisy image,No filtering,,"",0.0221823879490794,16.5399170357525,0.0250147766884532,0.102539948773999,0.0377255079689898,7.76728894897573,0.0697118155997958,95.0591666666667,0.000833333333333333,"Εικόνα μετά την τεχνητή προσθήκη θορύβου."
547_low.png,547,547_high.png,Salt & Pepper noise,Denoising,Mean filter,filter only,"3x3 average kernel",0.0029915611677792,25.2410211280944,0.0284298251028806,0.0433274373861785,0.0186751646332898,3.84502178196486,0.101452770310226,99.85625,0,"Το φίλτρο μειώνει αισθητά τον θόρυβο, με κέρδος PSNR 8.70 dB. Οι ακμές παραμένουν έντονες, αλλά μπορεί να παραμένει και θόρυβος. Το mean filter εξομαλύνει τον θόρυβο αλλά συχνά θολώνει περισσότερο τις λεπτομέρειες."
547_low.png,547,547_high.png,Salt & Pepper noise,Denoising,Gaussian filter,filter only,"sigma=1.0, filter size=5",0.00236548773008683,26.2607930031861,0.0264810666860818,0.0399349608536711,0.0164103196645311,3.37871380510625,0.108994248892313,99.9191666666667,0,"Το φίλτρο μειώνει αισθητά τον θόρυβο, με κέρδος PSNR 9.72 dB. Οι ακμές παραμένουν έντονες, αλλά μπορεί να παραμένει και θόρυβος. Η καταλληλότητα εξαρτάται από το είδος του θορύβου και τη λεπτομέρεια της εικόνας."
547_low.png,547,547_high.png,Salt & Pepper noise,Denoising,Median filter,filter only,"3x3 median",7.02799137084023e-05,41.5316878041504,0.00514501633986927,0.0303735708045076,0.00324634563744468,0.668388736210166,0.89395044584329,99.9995833333333,0,"Το φίλτρο μειώνει αισθητά τον θόρυβο, με κέρδος PSNR 24.99 dB. Παρατηρείται πιθανή θόλωση λεπτομερειών και ακμών. Το median filter είναι ιδιαίτερα κατάλληλο για Salt & Pepper θόρυβο."
547_low.png,547,547_high.png,Salt & Pepper noise,Denoising,Wiener filter,filter only,"5x5 adaptive Wiener",0.00784136102081093,21.0560855051353,0.0269575788873554,0.0633838843657501,0.0212500695046231,4.37516786159381,0.0418852683652847,96.5425,0,"Το φίλτρο μειώνει αισθητά τον θόρυβο, με κέρδος PSNR 4.52 dB. Οι ακμές παραμένουν έντονες, αλλά μπορεί να παραμένει και θόρυβος. Το Wiener filter προσαρμόζεται στην τοπική διακύμανση της εικόνας."
547_low.png,547,547_high.png,Salt & Pepper noise,Final enhanced image,Gaussian filter,denoise -> enhance,"gamma 0.6 + contrast stretch",0.0401051405600128,13.9679995721117,0.178789096787256,0.0931188179829634,0.0349309511737381,1.37371586759306,0.204671399882861,25.7683333333333,0,"Η σειρά πρώτα αποθορυβοποίηση και μετά ενίσχυση δίνει καλύτερη ποσοτική προσέγγιση στην καθαρή βελτιωμένη εικόνα. Για Salt & Pepper noise με Gaussian filter, το PSNR είναι 13.97 dB."
547_low.png,547,547_high.png,Salt & Pepper noise,Final enhanced image,Gaussian filter,enhance -> denoise,"gamma 0.6 + contrast stretch",0.081027165221492,10.9136935485074,0.262945183418325,0.0617803463237622,0.0166688672061281,0.655530027280657,0.394447769037891,80.6033333333333,0,"Η σειρά πρώτα αποθορυβοποίηση και μετά ενίσχυση δίνει καλύτερη ποσοτική προσέγγιση στην καθαρή βελτιωμένη εικόνα. Για Salt & Pepper noise με Gaussian filter, το PSNR είναι 10.91 dB."
547_low.png,547,547_high.png,Salt & Pepper noise,Final enhanced image,Median filter,denoise -> enhance,"gamma 0.6 + contrast stretch",0.0868022775466739,10.6146887951272,0.275817831940824,0.0606825725166761,0.00677520208643399,0.266445725053184,0.912234182287038,87.07375,0,"Η σειρά πρώτα αποθορυβοποίηση και μετά ενίσχυση δίνει καλύτερη ποσοτική προσέγγιση στην καθαρή βελτιωμένη εικόνα. Για Salt & Pepper noise με Median filter, το PSNR είναι 10.61 dB."
547_low.png,547,547_high.png,Salt & Pepper noise,Final enhanced image,Median filter,enhance -> denoise,"gamma 0.6 + contrast stretch",0.0868022775466739,10.6146887951272,0.275817831940824,0.0606825725166761,0.00677520208643399,0.266445725053184,0.912234182287038,87.07375,0,"Η σειρά πρώτα αποθορυβοποίηση και μετά ενίσχυση δίνει καλύτερη ποσοτική προσέγγιση στην καθαρή βελτιωμένη εικόνα. Για Salt & Pepper noise με Median filter, το PSNR είναι 10.61 dB."
665_low.png,665,665_high.png,Gaussian noise,Noisy image,No filtering,,"",0.00292113636668185,25.3444816849202,0.0395573635112836,0.0376602825295317,0.0192445652340761,5.47828128290365,0.106104945052877,99.9970833333333,0,"Εικόνα μετά την τεχνητή προσθήκη θορύβου."
665_low.png,665,665_high.png,Gaussian noise,Denoising,Mean filter,filter only,"3x3 average kernel",0.000667614456913834,31.754742674243,0.0210600671787167,0.0171664563201339,0.00754422747196148,2.14758814506408,0.186710216428621,99.9995833333333,0,"Το φίλτρο μειώνει αισθητά τον θόρυβο, με κέρδος PSNR 6.41 dB. Οι ακμές παραμένουν έντονες, αλλά μπορεί να παραμένει και θόρυβος. Το mean filter εξομαλύνει τον θόρυβο αλλά συχνά θολώνει περισσότερο τις λεπτομέρειες."
665_low.png,665,665_high.png,Gaussian noise,Denoising,Gaussian filter,filter only,"sigma=1.0, filter size=5",0.000589743149845623,32.2933709495534,0.0200141638222401,0.0160505062175828,0.00663826161753242,1.88969009837397,0.20456477745981,100,0,"Το φίλτρο μειώνει αισθητά τον θόρυβο, με κέρδος PSNR 6.95 dB. Οι ακμές παραμένουν έντονες, αλλά μπορεί να παραμένει και θόρυβος. Το Gaussian filter είναι φυσική επιλογή για Gaussian θόρυβο."
665_low.png,665,665_high.png,Gaussian noise,Denoising,Median filter,filter only,"3x3 median",0.00067288028211769,31.7206219794637,0.0200041981978256,0.0229939142451277,0.010577466512056,3.01104941102706,0.150206400489539,99.9995833333333,0,"Το φίλτρο μειώνει αισθητά τον θόρυβο, με κέρδος PSNR 6.38 dB. Οι ακμές παραμένουν έντονες, αλλά μπορεί να παραμένει και θόρυβος. Η καταλληλότητα εξαρτάται από το είδος του θορύβου και τη λεπτομέρεια της εικόνας."
665_low.png,665,665_high.png,Gaussian noise,Denoising,Wiener filter,filter only,"5x5 adaptive Wiener",0.000603474474041692,32.1934109510647,0.0196531276336019,0.0163126849116838,0.0050701301906027,1.44329575582625,0.2211585627005,99.99875,0,"Το φίλτρο μειώνει αισθητά τον θόρυβο, με κέρδος PSNR 6.85 dB. Οι ακμές παραμένουν έντονες, αλλά μπορεί να παραμένει και θόρυβος. Το Wiener filter προσαρμόζεται στην τοπική διακύμανση της εικόνας."
665_low.png,665,665_high.png,Gaussian noise,Final enhanced image,Gaussian filter,denoise -> enhance,"gamma 0.6 + contrast stretch",0.0435606486566952,13.6090566183807,0.192872565172782,0.0773663119943123,0.0318477678541122,2.34166725364925,0.154470718845749,6.3775,0,"Η σειρά πρώτα ενίσχυση και μετά αποθορυβοποίηση δίνει καλύτερη ποσοτική προσέγγιση στην καθαρή βελτιωμένη εικόνα. Για Gaussian noise με Gaussian filter, το PSNR είναι 13.61 dB."
665_low.png,665,665_high.png,Gaussian noise,Final enhanced image,Gaussian filter,enhance -> denoise,"gamma 0.6 + contrast stretch",0.00454675448889683,23.4229849576102,0.0535716258961876,0.0477669117718169,0.0196068627685469,1.44163159886801,0.147981808174128,92.7583333333333,0,"Η σειρά πρώτα ενίσχυση και μετά αποθορυβοποίηση δίνει καλύτερη ποσοτική προσέγγιση στην καθαρή βελτιωμένη εικόνα. Για Gaussian noise με Gaussian filter, το PSNR είναι 23.42 dB."
665_low.png,665,665_high.png,Gaussian noise,Final enhanced image,Median filter,denoise -> enhance,"gamma 0.6 + contrast stretch",0.0290350187507075,15.370778891648,0.141064354326214,0.129164754259154,0.0591905185125275,4.35209461341916,0.115736189528057,41.095,0.000416666666666667,"Η σειρά πρώτα ενίσχυση και μετά αποθορυβοποίηση δίνει καλύτερη ποσοτική προσέγγιση στην καθαρή βελτιωμένη εικόνα. Για Gaussian noise με Median filter, το PSNR είναι 15.37 dB."
665_low.png,665,665_high.png,Gaussian noise,Final enhanced image,Median filter,enhance -> denoise,"gamma 0.6 + contrast stretch",0.00938311029475628,20.2765317868411,0.0763921819763455,0.0797802613827681,0.0365597803007189,2.68812686411711,0.115736189528057,84.4708333333333,0,"Η σειρά πρώτα ενίσχυση και μετά αποθορυβοποίηση δίνει καλύτερη ποσοτική προσέγγιση στην καθαρή βελτιωμένη εικόνα. Για Gaussian noise με Median filter, το PSNR είναι 20.28 dB."
665_low.png,665,665_high.png,Salt & Pepper noise,Noisy image,No filtering,,"",0.0236481417830749,16.2620297945313,0.0250574727668845,0.102826381029222,0.0377976430520939,10.7597193260314,0.0392623180371789,95.0408333333333,0.00125,"Εικόνα μετά την τεχνητή προσθήκη θορύβου."
665_low.png,665,665_high.png,Salt & Pepper noise,Denoising,Mean filter,filter only,"3x3 average kernel",0.00318226949115804,24.9726304481294,0.0284200399419027,0.0379529299888404,0.0187979167372563,5.35113545911376,0.0472635695567415,99.9725,0,"Το φίλτρο μειώνει αισθητά τον θόρυβο, με κέρδος PSNR 8.71 dB. Οι ακμές παραμένουν έντονες, αλλά μπορεί να παραμένει και θόρυβος. Το mean filter εξομαλύνει τον θόρυβο αλλά συχνά θολώνει περισσότερο τις λεπτομέρειες."
665_low.png,665,665_high.png,Salt & Pepper noise,Denoising,Gaussian filter,filter only,"sigma=1.0, filter size=5",0.00251784102191808,25.9897169499201,0.0268183929716635,0.0338477004995819,0.016495061666236,4.69558997500629,0.0505716228967575,99.9845833333333,0,"Το φίλτρο μειώνει αισθητά τον θόρυβο, με κέρδος PSNR 9.73 dB. Οι ακμές παραμένουν έντονες, αλλά μπορεί να παραμένει και θόρυβος. Η καταλληλότητα εξαρτάται από το είδος του θορύβου και τη λεπτομέρεια της εικόνας."
665_low.png,665,665_high.png,Salt & Pepper noise,Denoising,Median filter,filter only,"3x3 median",5.46272373873293e-05,42.6259076210259,0.00468499999999999,0.0188180295478251,0.00208538152878016,0.593638071729493,0.784587634585747,99.9991666666667,0,"Το φίλτρο μειώνει αισθητά τον θόρυβο, με κέρδος PSNR 26.36 dB. Παρατηρείται πιθανή θόλωση λεπτομερειών και ακμών. Το median filter είναι ιδιαίτερα κατάλληλο για Salt & Pepper θόρυβο."
665_low.png,665,665_high.png,Salt & Pepper noise,Denoising,Wiener filter,filter only,"5x5 adaptive Wiener",0.00831859667273483,20.7994993196549,0.0269778599940206,0.0609259894175456,0.0215351908270753,6.13034544541578,0.0152094573714911,96.91125,0,"Το φίλτρο μειώνει αισθητά τον θόρυβο, με κέρδος PSNR 4.54 dB. Οι ακμές παραμένουν έντονες, αλλά μπορεί να παραμένει και θόρυβος. Το Wiener filter προσαρμόζεται στην τοπική διακύμανση της εικόνας."
665_low.png,665,665_high.png,Salt & Pepper noise,Final enhanced image,Gaussian filter,denoise -> enhance,"gamma 0.6 + contrast stretch",0.0126230504640975,18.9883568157069,0.0705696582090077,0.0802414386579817,0.0356565766053849,2.62171710735089,0.101946729694688,68.6516666666667,0,"Η σειρά πρώτα ενίσχυση και μετά αποθορυβοποίηση δίνει καλύτερη ποσοτική προσέγγιση στην καθαρή βελτιωμένη εικόνα. Για Salt & Pepper noise με Gaussian filter, το PSNR είναι 18.99 dB."
665_low.png,665,665_high.png,Salt & Pepper noise,Final enhanced image,Gaussian filter,enhance -> denoise,"gamma 0.6 + contrast stretch",0.00438324061544342,23.5820468834875,0.0558352259363656,0.0534270738483124,0.0163998761625108,1.20583185451397,0.229975426587505,98.4541666666667,0,"Η σειρά πρώτα ενίσχυση και μετά αποθορυβοποίηση δίνει καλύτερη ποσοτική προσέγγιση στην καθαρή βελτιωμένη εικόνα. Για Salt & Pepper noise με Gaussian filter, το PSNR είναι 23.58 dB."
665_low.png,665,665_high.png,Salt & Pepper noise,Final enhanced image,Median filter,denoise -> enhance,"gamma 0.6 + contrast stretch",0.00425069554763327,23.7153999988301,0.0565887883559286,0.0503270201967833,0.00551650458726747,0.405611413829184,0.818877849356748,99.9841666666667,0,"Η σειρά πρώτα αποθορυβοποίηση και μετά ενίσχυση δίνει καλύτερη ποσοτική προσέγγιση στην καθαρή βελτιωμένη εικόνα. Για Salt & Pepper noise με Median filter, το PSNR είναι 23.72 dB."
665_low.png,665,665_high.png,Salt & Pepper noise,Final enhanced image,Median filter,enhance -> denoise,"gamma 0.6 + contrast stretch",0.00425069554763327,23.7153999988301,0.0565887883559286,0.0503270201967833,0.00551650458726747,0.405611413829184,0.818877849356748,99.9841666666667,0,"Η σειρά πρώτα αποθορυβοποίηση και μετά ενίσχυση δίνει καλύτερη ποσοτική προσέγγιση στην καθαρή βελτιωμένη εικόνα. Για Salt & Pepper noise με Median filter, το PSNR είναι 23.72 dB."
669_low.png,669,669_high.png,Gaussian noise,Noisy image,No filtering,,"",0.00363497848334861,24.3949815553139,0.0477030166768133,0.048690362225416,0.0221896671067525,4.56927931958341,0.204158711844269,99.89125,0,"Εικόνα μετά την τεχνητή προσθήκη θορύβου."
669_low.png,669,669_high.png,Gaussian noise,Denoising,Mean filter,filter only,"3x3 average kernel",0.000591794728563702,32.2782890765442,0.0193207032858662,0.0302311645680947,0.00904878762020262,1.86331944239542,0.395933758786965,100,0,"Το φίλτρο μειώνει αισθητά τον θόρυβο, με κέρδος PSNR 7.88 dB. Οι ακμές παραμένουν έντονες, αλλά μπορεί να παραμένει και θόρυβος. Το mean filter εξομαλύνει τον θόρυβο αλλά συχνά θολώνει περισσότερο τις λεπτομέρειες."
669_low.png,669,669_high.png,Gaussian noise,Denoising,Gaussian filter,filter only,"sigma=1.0, filter size=5",0.000485624934856946,33.1369902211245,0.01750998441606,0.029368426952154,0.00803470441217196,1.654500201958,0.434435944741991,100,0,"Το φίλτρο μειώνει αισθητά τον θόρυβο, με κέρδος PSNR 8.74 dB. Οι ακμές παραμένουν έντονες, αλλά μπορεί να παραμένει και θόρυβος. Το Gaussian filter είναι φυσική επιλογή για Gaussian θόρυβο."
669_low.png,669,669_high.png,Gaussian noise,Denoising,Median filter,filter only,"3x3 median",0.000849611565760249,30.707795841726,0.0231119943446159,0.0363466676701729,0.0121588023614751,2.50373130493173,0.319905933241867,100,0,"Το φίλτρο μειώνει αισθητά τον θόρυβο, με κέρδος PSNR 6.31 dB. Οι ακμές παραμένουν έντονες, αλλά μπορεί να παραμένει και θόρυβος. Η καταλληλότητα εξαρτάται από το είδος του θορύβου και τη λεπτομέρεια της εικόνας."
669_low.png,669,669_high.png,Gaussian noise,Denoising,Wiener filter,filter only,"5x5 adaptive Wiener",0.000501771329507941,32.9949415727453,0.017161678749768,0.029345852304673,0.00617869002206992,1.27231113491419,0.4259736151088,100,0,"Το φίλτρο μειώνει αισθητά τον θόρυβο, με κέρδος PSNR 8.60 dB. Οι ακμές παραμένουν έντονες, αλλά μπορεί να παραμένει και θόρυβος. Το Wiener filter προσαρμόζεται στην τοπική διακύμανση της εικόνας."
669_low.png,669,669_high.png,Gaussian noise,Final enhanced image,Gaussian filter,denoise -> enhance,"gamma 0.6 + contrast stretch",0.00773461720535757,21.115611751404,0.0671290953838345,0.106509867030268,0.0300545261856462,1.4640960979858,0.40650583493775,4.53083333333333,0,"Η σειρά πρώτα αποθορυβοποίηση και μετά ενίσχυση δίνει καλύτερη ποσοτική προσέγγιση στην καθαρή βελτιωμένη εικόνα. Για Gaussian noise με Gaussian filter, το PSNR είναι 21.12 dB."
669_low.png,669,669_high.png,Gaussian noise,Final enhanced image,Gaussian filter,enhance -> denoise,"gamma 0.6 + contrast stretch",0.0208349755503319,16.8120700484732,0.127361684395194,0.0882538204651296,0.0248329461040915,1.20972858689937,0.403782760002322,33.3883333333333,0,"Η σειρά πρώτα αποθορυβοποίηση και μετά ενίσχυση δίνει καλύτερη ποσοτική προσέγγιση στην καθαρή βελτιωμένη εικόνα. Για Gaussian noise με Gaussian filter, το PSNR είναι 16.81 dB."
669_low.png,669,669_high.png,Gaussian noise,Final enhanced image,Median filter,denoise -> enhance,"gamma 0.6 + contrast stretch",0.016271440026594,17.8857401018982,0.0975674633007548,0.141310201195094,0.0489541198576295,2.38478342400603,0.300969552859546,18.5595833333333,0,"Η σειρά πρώτα αποθορυβοποίηση και μετά ενίσχυση δίνει καλύτερη ποσοτική προσέγγιση στην καθαρή βελτιωμένη εικόνα. Για Gaussian noise με Median filter, το PSNR είναι 17.89 dB."
669_low.png,669,669_high.png,Gaussian noise,Final enhanced image,Median filter,enhance -> denoise,"gamma 0.6 + contrast stretch",0.0237515146723043,16.2430868949813,0.127800656180894,0.113262314223153,0.0392374850431196,1.91144083894571,0.300969552859546,31.3775,0,"Η σειρά πρώτα αποθορυβοποίηση και μετά ενίσχυση δίνει καλύτερη ποσοτική προσέγγιση στην καθαρή βελτιωμένη εικόνα. Για Gaussian noise με Median filter, το PSNR είναι 16.24 dB."
669_low.png,669,669_high.png,Salt & Pepper noise,Noisy image,No filtering,,"",0.0218293552266222,16.6095909185181,0.0249163344226579,0.102776979128982,0.0375789168067665,7.7382218755887,0.0795281747518371,95.1275,0.000416666666666667,"Εικόνα μετά την τεχνητή προσθήκη θορύβου."
669_low.png,669,669_high.png,Salt & Pepper noise,Denoising,Mean filter,filter only,"3x3 average kernel",0.00292962123331271,25.3318852535084,0.0284618597191963,0.044968680034089,0.0186681454156862,3.84413025993136,0.13050429570235,99.7916666666667,0,"Το φίλτρο μειώνει αισθητά τον θόρυβο, με κέρδος PSNR 8.72 dB. Οι ακμές παραμένουν έντονες, αλλά μπορεί να παραμένει και θόρυβος. Το mean filter εξομαλύνει τον θόρυβο αλλά συχνά θολώνει περισσότερο τις λεπτομέρειες."
669_low.png,669,669_high.png,Salt & Pepper noise,Denoising,Gaussian filter,filter only,"sigma=1.0, filter size=5",0.0023142441809751,26.3559081960411,0.0264042847741249,0.0417326045119079,0.0164314445684567,3.38355052810517,0.145252364521285,99.87875,0,"Το φίλτρο μειώνει αισθητά τον θόρυβο, με κέρδος PSNR 9.75 dB. Οι ακμές παραμένουν έντονες, αλλά μπορεί να παραμένει και θόρυβος. Η καταλληλότητα εξαρτάται από το είδος του θορύβου και τη λεπτομέρεια της εικόνας."
669_low.png,669,669_high.png,Salt & Pepper noise,Denoising,Median filter,filter only,"3x3 median",7.71796104062535e-05,41.124974180274,0.00531707516339868,0.0331207679439575,0.00346993757729214,0.714526898303106,0.906716490577181,99.9991666666667,0,"Το φίλτρο μειώνει αισθητά τον θόρυβο, με κέρδος PSNR 24.52 dB. Παρατηρείται πιθανή θόλωση λεπτομερειών και ακμών. Το median filter είναι ιδιαίτερα κατάλληλο για Salt & Pepper θόρυβο."
669_low.png,669,669_high.png,Salt & Pepper noise,Denoising,Wiener filter,filter only,"5x5 adaptive Wiener",0.00768757803484891,21.1421046277005,0.0268423870407638,0.0644144589570886,0.0213382915733866,4.39396471936462,0.0521210564283745,96.5341666666667,0,"Το φίλτρο μειώνει αισθητά τον θόρυβο, με κέρδος PSNR 4.53 dB. Οι ακμές παραμένουν έντονες, αλλά μπορεί να παραμένει και θόρυβος. Το Wiener filter προσαρμόζεται στην τοπική διακύμανση της εικόνας."
669_low.png,669,669_high.png,Salt & Pepper noise,Final enhanced image,Gaussian filter,denoise -> enhance,"gamma 0.6 + contrast stretch",0.0232355570363176,16.3384691152601,0.13453658866413,0.091558871561657,0.033135066158928,1.61416356292308,0.217650074196345,26.8708333333333,0,"Η σειρά πρώτα αποθορυβοποίηση και μετά ενίσχυση δίνει καλύτερη ποσοτική προσέγγιση στην καθαρή βελτιωμένη εικόνα. Για Salt & Pepper noise με Gaussian filter, το PSNR είναι 16.34 dB."
669_low.png,669,669_high.png,Salt & Pepper noise,Final enhanced image,Gaussian filter,enhance -> denoise,"gamma 0.6 + contrast stretch",0.0511710297510694,12.9097584332283,0.207020607025491,0.0634631933599793,0.0165579283057687,0.806613888153141,0.403923067298507,75.1345833333333,0,"Η σειρά πρώτα αποθορυβοποίηση και μετά ενίσχυση δίνει καλύτερη ποσοτική προσέγγιση στην καθαρή βελτιωμένη εικόνα. Για Salt & Pepper noise με Gaussian filter, το PSNR είναι 12.91 dB."
669_low.png,669,669_high.png,Salt & Pepper noise,Final enhanced image,Median filter,denoise -> enhance,"gamma 0.6 + contrast stretch",0.0552417583307914,12.5773250639307,0.219312885800915,0.0625541603994698,0.00673904418792958,0.328290262796216,0.90244762684201,80.74125,0,"Η σειρά πρώτα αποθορυβοποίηση και μετά ενίσχυση δίνει καλύτερη ποσοτική προσέγγιση στην καθαρή βελτιωμένη εικόνα. Για Salt & Pepper noise με Median filter, το PSNR είναι 12.58 dB."
669_low.png,669,669_high.png,Salt & Pepper noise,Final enhanced image,Median filter,enhance -> denoise,"gamma 0.6 + contrast stretch",0.0552417583307914,12.5773250639307,0.219312885800915,0.0625541603994698,0.00673904418792958,0.328290262796216,0.90244762684201,80.74125,0,"Η σειρά πρώτα αποθορυβοποίηση και μετά ενίσχυση δίνει καλύτερη ποσοτική προσέγγιση στην καθαρή βελτιωμένη εικόνα. Για Salt & Pepper noise με Median filter, το PSNR είναι 12.58 dB."
748_low.png,748,748_high.png,Gaussian noise,Noisy image,No filtering,,"",0.00327401134629226,24.8491981984662,0.0444280979060031,0.0489522511782614,0.0223173062080131,3.15243118730966,0.727134833064656,99.6595833333333,0.00291666666666667,"Εικόνα μετά την τεχνητή προσθήκη θορύβου."
748_low.png,748,748_high.png,Gaussian noise,Denoising,Mean filter,filter only,"3x3 average kernel",0.000823985513713758,30.8408042346002,0.0205676141507872,0.028747059631843,0.00958639795306957,1.35412668534194,0.753239476277875,99.7370833333333,0,"Το φίλτρο μειώνει αισθητά τον θόρυβο, με κέρδος PSNR 5.99 dB. Οι ακμές παραμένουν έντονες, αλλά μπορεί να παραμένει και θόρυβος. Το mean filter εξομαλύνει τον θόρυβο αλλά συχνά θολώνει περισσότερο τις λεπτομέρειες."
748_low.png,748,748_high.png,Gaussian noise,Denoising,Gaussian filter,filter only,"sigma=1.0, filter size=5",0.000713566853054688,31.4656533221628,0.0190835106533644,0.0274883103103819,0.00856147618487542,1.20935135643385,0.775338238881943,99.75625,0,"Το φίλτρο μειώνει αισθητά τον θόρυβο, με κέρδος PSNR 6.62 dB. Η ένταση των ακμών διατηρείται σε λογικά επίπεδα. Το Gaussian filter είναι φυσική επιλογή για Gaussian θόρυβο."
748_low.png,748,748_high.png,Gaussian noise,Denoising,Median filter,filter only,"3x3 median",0.0010124194720221,29.9463951057974,0.0230657849065282,0.0332349506016332,0.0127243437217462,1.79737722880184,0.677375702941895,99.8129166666667,0,"Το φίλτρο μειώνει αισθητά τον θόρυβο, με κέρδος PSNR 5.10 dB. Οι ακμές παραμένουν έντονες, αλλά μπορεί να παραμένει και θόρυβος. Η καταλληλότητα εξαρτάται από το είδος του θορύβου και τη λεπτομέρεια της εικόνας."
748_low.png,748,748_high.png,Gaussian noise,Denoising,Wiener filter,filter only,"5x5 adaptive Wiener",0.00052916354688014,32.7641008121562,0.0177393870771654,0.0307505880053213,0.00676363054295851,0.955396662317913,0.906812894817693,99.70375,0.00125,"Το φίλτρο μειώνει αισθητά τον θόρυβο, με κέρδος PSNR 7.91 dB. Η ένταση των ακμών διατηρείται σε λογικά επίπεδα. Το Wiener filter προσαρμόζεται στην τοπική διακύμανση της εικόνας."
748_low.png,748,748_high.png,Gaussian noise,Final enhanced image,Gaussian filter,denoise -> enhance,"gamma 0.6 + contrast stretch",0.00261219994895662,25.8299358336748,0.0394798788686138,0.0486683583343203,0.0169917188486206,1.27005710398824,0.628566605656568,92.3604166666667,0.000416666666666667,"Η σειρά πρώτα ενίσχυση και μετά αποθορυβοποίηση δίνει καλύτερη ποσοτική προσέγγιση στην καθαρή βελτιωμένη εικόνα. Για Gaussian noise με Gaussian filter, το PSNR είναι 25.83 dB."
748_low.png,748,748_high.png,Gaussian noise,Final enhanced image,Gaussian filter,enhance -> denoise,"gamma 0.6 + contrast stretch",0.00195273847592186,27.0935591650185,0.0339708403416689,0.0470919879453902,0.0167312317771864,1.25058682799559,0.615275729272088,96.5670833333333,0,"Η σειρά πρώτα ενίσχυση και μετά αποθορυβοποίηση δίνει καλύτερη ποσοτική προσέγγιση στην καθαρή βελτιωμένη εικόνα. Για Gaussian noise με Gaussian filter, το PSNR είναι 27.09 dB."
748_low.png,748,748_high.png,Gaussian noise,Final enhanced image,Median filter,denoise -> enhance,"gamma 0.6 + contrast stretch",0.0044635208448889,23.5032243270616,0.0521053447681355,0.06564853070243,0.0276801212866959,2.06896871309038,0.435750140315361,93.6825,0.000416666666666667,"Η σειρά πρώτα αποθορυβοποίηση και μετά ενίσχυση δίνει καλύτερη ποσοτική προσέγγιση στην καθαρή βελτιωμένη εικόνα. Για Gaussian noise με Median filter, το PSNR είναι 23.50 dB."
748_low.png,748,748_high.png,Gaussian noise,Final enhanced image,Median filter,enhance -> denoise,"gamma 0.6 + contrast stretch",0.0044635208448889,23.5032243270616,0.0521053447681355,0.06564853070243,0.0276801212866959,2.06896871309038,0.435750140315361,93.6825,0.000416666666666667,"Η σειρά πρώτα αποθορυβοποίηση και μετά ενίσχυση δίνει καλύτερη ποσοτική προσέγγιση στην καθαρή βελτιωμένη εικόνα. Για Gaussian noise με Median filter, το PSNR είναι 23.50 dB."
748_low.png,748,748_high.png,Salt & Pepper noise,Noisy image,No filtering,,"",0.022770637190824,16.4262481635074,0.0250227015250545,0.104601284108625,0.0393708030013275,5.56132295242003,0.248130213496685,94.8075,0.00708333333333333,"Εικόνα μετά την τεχνητή προσθήκη θορύβου."
748_low.png,748,748_high.png,Salt & Pepper noise,Denoising,Mean filter,filter only,"3x3 average kernel",0.00328982164821065,24.8282764590945,0.0297728249818446,0.0439687978129647,0.0198399369982747,2.80249038860986,0.379039067334152,99.6125,0,"Το φίλτρο μειώνει αισθητά τον θόρυβο, με κέρδος PSNR 8.40 dB. Οι ακμές παραμένουν έντονες, αλλά μπορεί να παραμένει και θόρυβος. Το mean filter εξομαλύνει τον θόρυβο αλλά συχνά θολώνει περισσότερο τις λεπτομέρειες."
748_low.png,748,748_high.png,Salt & Pepper noise,Denoising,Gaussian filter,filter only,"sigma=1.0, filter size=5",0.00263310569848345,25.7953170703645,0.027869736497468,0.040251399217087,0.0175000673331615,2.47197208869542,0.401741895012769,99.6804166666667,0,"Το φίλτρο μειώνει αισθητά τον θόρυβο, με κέρδος PSNR 9.37 dB. Οι ακμές παραμένουν έντονες, αλλά μπορεί να παραμένει και θόρυβος. Η καταλληλότητα εξαρτάται από το είδος του θορύβου και τη λεπτομέρεια της εικόνας."
748_low.png,748,748_high.png,Salt & Pepper noise,Denoising,Median filter,filter only,"3x3 median",0.00030522747661156,35.1537637371957,0.00608305010893244,0.0296688054399424,0.0048291039450349,0.682135099155564,0.870623831736642,99.8245833333333,0.000833333333333333,"Το φίλτρο μειώνει αισθητά τον θόρυβο, με κέρδος PSNR 18.73 dB. Παρατηρείται πιθανή θόλωση λεπτομερειών και ακμών. Το median filter είναι ιδιαίτερα κατάλληλο για Salt & Pepper θόρυβο."
748_low.png,748,748_high.png,Salt & Pepper noise,Denoising,Wiener filter,filter only,"5x5 adaptive Wiener",0.00794906898508572,20.9968373402495,0.0280480415145933,0.0638060911031248,0.0221602110395181,3.13024070858774,0.270072775798014,96.53625,0,"Το φίλτρο μειώνει αισθητά τον θόρυβο, με κέρδος PSNR 4.57 dB. Οι ακμές παραμένουν έντονες, αλλά μπορεί να παραμένει και θόρυβος. Το Wiener filter προσαρμόζεται στην τοπική διακύμανση της εικόνας."
748_low.png,748,748_high.png,Salt & Pepper noise,Final enhanced image,Gaussian filter,denoise -> enhance,"gamma 0.6 + contrast stretch",0.00875961576174327,20.5751494362809,0.0582085733765264,0.0692649794616215,0.0293571718256934,2.19432094906938,0.328762812400371,72.71875,0.000833333333333333,"Η σειρά πρώτα ενίσχυση και μετά αποθορυβοποίηση δίνει καλύτερη ποσοτική προσέγγιση στην καθαρή βελτιωμένη εικόνα. Για Salt & Pepper noise με Gaussian filter, το PSNR είναι 20.58 dB."
748_low.png,748,748_high.png,Salt & Pepper noise,Final enhanced image,Gaussian filter,enhance -> denoise,"gamma 0.6 + contrast stretch",0.00235762770850382,26.2752477299305,0.0304010026907264,0.0561745267083816,0.0182638457499224,1.36514305865633,0.541939206567828,90.4979166666667,0,"Η σειρά πρώτα ενίσχυση και μετά αποθορυβοποίηση δίνει καλύτερη ποσοτική προσέγγιση στην καθαρή βελτιωμένη εικόνα. Για Salt & Pepper noise με Gaussian filter, το PSNR είναι 26.28 dB."
748_low.png,748,748_high.png,Salt & Pepper noise,Final enhanced image,Median filter,denoise -> enhance,"gamma 0.6 + contrast stretch",0.000574121426632963,32.4099624464115,0.012926579734848,0.053404205297791,0.00924657053947413,0.691140943762782,0.885433513877477,94.7429166666667,0.000833333333333333,"Η σειρά πρώτα αποθορυβοποίηση και μετά ενίσχυση δίνει καλύτερη ποσοτική προσέγγιση στην καθαρή βελτιωμένη εικόνα. Για Salt & Pepper noise με Median filter, το PSNR είναι 32.41 dB."
748_low.png,748,748_high.png,Salt & Pepper noise,Final enhanced image,Median filter,enhance -> denoise,"gamma 0.6 + contrast stretch",0.000574121426632963,32.4099624464115,0.012926579734848,0.053404205297791,0.00924657053947413,0.691140943762782,0.885433513877477,94.7429166666667,0.000833333333333333,"Η σειρά πρώτα αποθορυβοποίηση και μετά ενίσχυση δίνει καλύτερη ποσοτική προσέγγιση στην καθαρή βελτιωμένη εικόνα. Για Salt & Pepper noise με Median filter, το PSNR είναι 32.41 dB."
778_low.png,778,778_high.png,Gaussian noise,Noisy image,No filtering,,"",0.00293271670084354,25.3272988765114,0.0380558418131723,0.0409875582562349,0.0193242682188697,3.28785564187722,0.523111505904576,99.9308333333333,0,"Εικόνα μετά την τεχνητή προσθήκη θορύβου."
778_low.png,778,778_high.png,Gaussian noise,Denoising,Mean filter,filter only,"3x3 average kernel",0.00085386426792369,30.686111601971,0.0237765616416567,0.0228242826008416,0.00788036336553104,1.34077507401309,0.510173800658086,99.9691666666667,0,"Το φίλτρο μειώνει αισθητά τον θόρυβο, με κέρδος PSNR 5.36 dB. Οι ακμές παραμένουν έντονες, αλλά μπορεί να παραμένει και θόρυβος. Το mean filter εξομαλύνει τον θόρυβο αλλά συχνά θολώνει περισσότερο τις λεπτομέρειες."
778_low.png,778,778_high.png,Gaussian noise,Denoising,Gaussian filter,filter only,"sigma=1.0, filter size=5",0.00076069312430529,31.1879050919492,0.0228768641683661,0.0218748610505054,0.00697526376858346,1.18678027418005,0.5643617579544,99.9729166666667,0,"Το φίλτρο μειώνει αισθητά τον θόρυβο, με κέρδος PSNR 5.86 dB. Η ένταση των ακμών διατηρείται σε λογικά επίπεδα. Το Gaussian filter είναι φυσική επιλογή για Gaussian θόρυβο."
778_low.png,778,778_high.png,Gaussian noise,Denoising,Median filter,filter only,"3x3 median",0.000768825021397057,31.1417249100309,0.0196873634756125,0.027965139877903,0.0103716880410973,1.76465223187152,0.336398696577005,99.9941666666667,0,"Το φίλτρο μειώνει αισθητά τον θόρυβο, με κέρδος PSNR 5.81 dB. Οι ακμές παραμένουν έντονες, αλλά μπορεί να παραμένει και θόρυβος. Η καταλληλότητα εξαρτάται από το είδος του θορύβου και τη λεπτομέρεια της εικόνας."
778_low.png,778,778_high.png,Gaussian noise,Denoising,Wiener filter,filter only,"5x5 adaptive Wiener",0.000772006038995269,31.1237930239475,0.0232932693984375,0.0234195227309116,0.00567846634166605,0.966141505965326,0.714326883792621,99.96,0,"Το φίλτρο μειώνει αισθητά τον θόρυβο, με κέρδος PSNR 5.80 dB. Η ένταση των ακμών διατηρείται σε λογικά επίπεδα. Το Wiener filter προσαρμόζεται στην τοπική διακύμανση της εικόνας."
778_low.png,778,778_high.png,Gaussian noise,Final enhanced image,Gaussian filter,denoise -> enhance,"gamma 0.6 + contrast stretch",0.0216847037945855,16.6384650578433,0.134754858933027,0.0712331719808583,0.0239925856695011,1.48532335284207,0.39087794130047,59.3754166666667,0,"Η σειρά πρώτα ενίσχυση και μετά αποθορυβοποίηση δίνει καλύτερη ποσοτική προσέγγιση στην καθαρή βελτιωμένη εικόνα. Για Gaussian noise με Gaussian filter, το PSNR είναι 16.64 dB."
778_low.png,778,778_high.png,Gaussian noise,Final enhanced image,Gaussian filter,enhance -> denoise,"gamma 0.6 + contrast stretch",0.00349777510432389,24.562081176964,0.0475741543302791,0.045291029312485,0.0150080152829485,0.929110179563137,0.392598620318092,99.29625,0,"Η σειρά πρώτα ενίσχυση και μετά αποθορυβοποίηση δίνει καλύτερη ποσοτική προσέγγιση στην καθαρή βελτιωμένη εικόνα. Για Gaussian noise με Gaussian filter, το PSNR είναι 24.56 dB."
778_low.png,778,778_high.png,Gaussian noise,Final enhanced image,Median filter,denoise -> enhance,"gamma 0.6 + contrast stretch",0.0186614342579905,17.2905498082566,0.110102939449485,0.116372757601554,0.0460637498019495,2.85169611324067,0.22845472905237,68.9170833333333,0,"Η σειρά πρώτα ενίσχυση και μετά αποθορυβοποίηση δίνει καλύτερη ποσοτική προσέγγιση στην καθαρή βελτιωμένη εικόνα. Για Gaussian noise με Median filter, το PSNR είναι 17.29 dB."
778_low.png,778,778_high.png,Gaussian noise,Final enhanced image,Median filter,enhance -> denoise,"gamma 0.6 + contrast stretch",0.00527638169450889,22.7766379503943,0.0561498924160668,0.0692418299639213,0.0274079466451057,1.69676014774741,0.22845472905237,97.8320833333333,0,"Η σειρά πρώτα ενίσχυση και μετά αποθορυβοποίηση δίνει καλύτερη ποσοτική προσέγγιση στην καθαρή βελτιωμένη εικόνα. Για Gaussian noise με Median filter, το PSNR είναι 22.78 dB."
778_low.png,778,778_high.png,Salt & Pepper noise,Noisy image,No filtering,,"",0.0237764164637533,16.2385360082304,0.0251261982570806,0.10481115953312,0.0389766595441333,6.63153856758061,0.137460512581853,94.9733333333333,0.00208333333333333,"Εικόνα μετά την τεχνητή προσθήκη θορύβου."
778_low.png,778,778_high.png,Salt & Pepper noise,Denoising,Mean filter,filter only,"3x3 average kernel",0.00331712486070305,24.792381807887,0.0298770104091019,0.0421971362907501,0.0192669156411558,3.2780976011547,0.145889727887329,99.91875,0,"Το φίλτρο μειώνει αισθητά τον θόρυβο, με κέρδος PSNR 8.55 dB. Οι ακμές παραμένουν έντονες, αλλά μπορεί να παραμένει και θόρυβος. Το mean filter εξομαλύνει τον θόρυβο αλλά συχνά θολώνει περισσότερο τις λεπτομέρειες."
778_low.png,778,778_high.png,Salt & Pepper noise,Denoising,Gaussian filter,filter only,"sigma=1.0, filter size=5",0.00263102141127485,25.7987561760769,0.0281803547414794,0.0384436715581573,0.0169496305796961,2.88383176521901,0.166518936727986,99.9491666666667,0,"Το φίλτρο μειώνει αισθητά τον θόρυβο, με κέρδος PSNR 9.56 dB. Οι ακμές παραμένουν έντονες, αλλά μπορεί να παραμένει και θόρυβος. Η καταλληλότητα εξαρτάται από το είδος του θορύβου και τη λεπτομέρεια της εικόνας."
778_low.png,778,778_high.png,Salt & Pepper noise,Denoising,Median filter,filter only,"3x3 median",0.000192736362082959,37.1503634262414,0.00586948257080608,0.0269169483337688,0.00345815912299708,0.588375603892346,0.679359803295744,99.98875,0,"Το φίλτρο μειώνει αισθητά τον θόρυβο, με κέρδος PSNR 20.91 dB. Παρατηρείται πιθανή θόλωση λεπτομερειών και ακμών. Το median filter είναι ιδιαίτερα κατάλληλο για Salt & Pepper θόρυβο."
778_low.png,778,778_high.png,Salt & Pepper noise,Denoising,Wiener filter,filter only,"5x5 adaptive Wiener",0.00845311651688156,20.7298314471299,0.0285519952525799,0.0640493923369599,0.0219670111955598,3.73749530261519,0.081446711966761,97.04625,0,"Το φίλτρο μειώνει αισθητά τον θόρυβο, με κέρδος PSNR 4.49 dB. Οι ακμές παραμένουν έντονες, αλλά μπορεί να παραμένει και θόρυβος. Το Wiener filter προσαρμόζεται στην τοπική διακύμανση της εικόνας."
778_low.png,778,778_high.png,Salt & Pepper noise,Final enhanced image,Gaussian filter,denoise -> enhance,"gamma 0.6 + contrast stretch",0.0291845644619121,15.348467835325,0.122937631014522,0.11037931967079,0.0447553614316537,2.77069693175362,0.143236093598017,56.06,0,"Η σειρά πρώτα ενίσχυση και μετά αποθορυβοποίηση δίνει καλύτερη ποσοτική προσέγγιση στην καθαρή βελτιωμένη εικόνα. Για Salt & Pepper noise με Gaussian filter, το PSNR είναι 15.35 dB."
778_low.png,778,778_high.png,Salt & Pepper noise,Final enhanced image,Gaussian filter,enhance -> denoise,"gamma 0.6 + contrast stretch",0.00277810329399596,25.56251610586,0.035540936892017,0.0682831386162014,0.0183890116092712,1.13841954156926,0.369098006813017,96.8241666666667,0,"Η σειρά πρώτα ενίσχυση και μετά αποθορυβοποίηση δίνει καλύτερη ποσοτική προσέγγιση στην καθαρή βελτιωμένη εικόνα. Για Salt & Pepper noise με Gaussian filter, το PSNR είναι 25.56 dB."
778_low.png,778,778_high.png,Salt & Pepper noise,Final enhanced image,Median filter,denoise -> enhance,"gamma 0.6 + contrast stretch",0.00104085424809894,29.8261008093911,0.0201112974732805,0.0686504036397294,0.00950920467159306,0.588692021786822,0.745735574970682,99.35625,0,"Η σειρά πρώτα αποθορυβοποίηση και μετά ενίσχυση δίνει καλύτερη ποσοτική προσέγγιση στην καθαρή βελτιωμένη εικόνα. Για Salt & Pepper noise με Median filter, το PSNR είναι 29.83 dB."
778_low.png,778,778_high.png,Salt & Pepper noise,Final enhanced image,Median filter,enhance -> denoise,"gamma 0.6 + contrast stretch",0.00104085424809894,29.8261008093911,0.0201112974732805,0.0686504036397294,0.00950920467159306,0.588692021786822,0.745735574970682,99.35625,0,"Η σειρά πρώτα αποθορυβοποίηση και μετά ενίσχυση δίνει καλύτερη ποσοτική προσέγγιση στην καθαρή βελτιωμένη εικόνα. Για Salt & Pepper noise με Median filter, το PSNR είναι 29.83 dB."
780_low.png,780,780_high.png,Gaussian noise,Noisy image,No filtering,,"",0.00308575103348414,25.1063911688136,0.0410073449770421,0.0611431700919982,0.0209152086750488,3.40212020398106,0.761344404032675,98.49625,0,"Εικόνα μετά την τεχνητή προσθήκη θορύβου."
780_low.png,780,780_high.png,Gaussian noise,Denoising,Mean filter,filter only,"3x3 average kernel",0.000818382372292036,30.8704373376651,0.0222917016889143,0.0488262257484382,0.00905387637050779,1.47272619666461,0.79921851419509,98.7525,0,"Το φίλτρο μειώνει αισθητά τον θόρυβο, με κέρδος PSNR 5.76 dB. Οι ακμές παραμένουν έντονες, αλλά μπορεί να παραμένει και θόρυβος. Το mean filter εξομαλύνει τον θόρυβο αλλά συχνά θολώνει περισσότερο τις λεπτομέρειες."
780_low.png,780,780_high.png,Gaussian noise,Denoising,Gaussian filter,filter only,"sigma=1.0, filter size=5",0.000718062468524234,31.4383777225457,0.0211136403892926,0.0481271964728222,0.0080934845124491,1.31650645270679,0.819281009390397,98.7616666666667,0,"Το φίλτρο μειώνει αισθητά τον θόρυβο, με κέρδος PSNR 6.33 dB. Οι ακμές παραμένουν έντονες, αλλά μπορεί να παραμένει και θόρυβος. Το Gaussian filter είναι φυσική επιλογή για Gaussian θόρυβο."
780_low.png,780,780_high.png,Gaussian noise,Denoising,Median filter,filter only,"3x3 median",0.000826547824530915,30.8273201283786,0.0211827838176139,0.0539421451205212,0.0119417167205643,1.94246953766793,0.785661451346775,98.7120833333333,0,"Το φίλτρο μειώνει αισθητά τον θόρυβο, με κέρδος PSNR 5.72 dB. Οι ακμές παραμένουν έντονες, αλλά μπορεί να παραμένει και θόρυβος. Η καταλληλότητα εξαρτάται από το είδος του θορύβου και τη λεπτομέρεια της εικόνας."
780_low.png,780,780_high.png,Gaussian noise,Denoising,Wiener filter,filter only,"5x5 adaptive Wiener",0.000652914301271628,31.8514381861359,0.0203741834231838,0.0498728067975745,0.0066406762120886,1.08018901748731,0.914034366564866,98.6729166666667,0,"Το φίλτρο μειώνει αισθητά τον θόρυβο, με κέρδος PSNR 6.75 dB. Η ένταση των ακμών διατηρείται σε λογικά επίπεδα. Το Wiener filter προσαρμόζεται στην τοπική διακύμανση της εικόνας."
780_low.png,780,780_high.png,Gaussian noise,Final enhanced image,Gaussian filter,denoise -> enhance,"gamma 0.6 + contrast stretch",0.00626187330930435,22.0329572330911,0.0610873215975299,0.0864747956398792,0.0198368916141305,1.1615122082526,0.680712488306,79.86125,0,"Η σειρά πρώτα ενίσχυση και μετά αποθορυβοποίηση δίνει καλύτερη ποσοτική προσέγγιση στην καθαρή βελτιωμένη εικόνα. Για Gaussian noise με Gaussian filter, το PSNR είναι 22.03 dB."
780_low.png,780,780_high.png,Gaussian noise,Final enhanced image,Gaussian filter,enhance -> denoise,"gamma 0.6 + contrast stretch",0.0048392886260839,23.1521847481689,0.0556647999012495,0.0786219265905394,0.0182094758150465,1.0662219099887,0.69444270855953,93.5954166666667,0,"Η σειρά πρώτα ενίσχυση και μετά αποθορυβοποίηση δίνει καλύτερη ποσοτική προσέγγιση στην καθαρή βελτιωμένη εικόνα. Για Gaussian noise με Gaussian filter, το PSNR είναι 23.15 dB."
780_low.png,780,780_high.png,Gaussian noise,Final enhanced image,Median filter,denoise -> enhance,"gamma 0.6 + contrast stretch",0.00773587236699338,21.1149070422595,0.0681800962215612,0.110469541563604,0.0356180033866738,2.08554578872298,0.524202929004879,84.61625,0,"Η σειρά πρώτα ενίσχυση και μετά αποθορυβοποίηση δίνει καλύτερη ποσοτική προσέγγιση στην καθαρή βελτιωμένη εικόνα. Για Gaussian noise με Median filter, το PSNR είναι 21.11 dB."
780_low.png,780,780_high.png,Gaussian noise,Final enhanced image,Median filter,enhance -> denoise,"gamma 0.6 + contrast stretch",0.00749534076964039,21.2520861751748,0.0673187876716731,0.0995891367079993,0.0321099024974148,1.88013548100352,0.524202929004876,90.155,0,"Η σειρά πρώτα ενίσχυση και μετά αποθορυβοποίηση δίνει καλύτερη ποσοτική προσέγγιση στην καθαρή βελτιωμένη εικόνα. Για Gaussian noise με Median filter, το PSNR είναι 21.25 dB."
780_low.png,780,780_high.png,Salt & Pepper noise,Noisy image,No filtering,,"",0.0228563935452177,16.409922948057,0.0247365849673203,0.113104230444906,0.0392114887522383,6.37823892578755,0.225733307973674,93.8070833333333,0.00166666666666667,"Εικόνα μετά την τεχνητή προσθήκη θορύβου."
780_low.png,780,780_high.png,Salt & Pepper noise,Denoising,Mean filter,filter only,"3x3 average kernel",0.00323682569566733,24.8988068689586,0.0292365462357782,0.0595990204911903,0.0199508120945427,3.24524904184419,0.380604646510625,98.5504166666667,0,"Το φίλτρο μειώνει αισθητά τον θόρυβο, με κέρδος PSNR 8.49 dB. Οι ακμές παραμένουν έντονες, αλλά μπορεί να παραμένει και θόρυβος. Το mean filter εξομαλύνει τον θόρυβο αλλά συχνά θολώνει περισσότερο τις λεπτομέρειες."
780_low.png,780,780_high.png,Salt & Pepper noise,Denoising,Gaussian filter,filter only,"sigma=1.0, filter size=5",0.0025756843829759,25.8910735526011,0.0275594917834672,0.0568321647454259,0.0176455761511599,2.87027359217144,0.413527954652041,98.6183333333333,0,"Το φίλτρο μειώνει αισθητά τον θόρυβο, με κέρδος PSNR 9.48 dB. Οι ακμές παραμένουν έντονες, αλλά μπορεί να παραμένει και θόρυβος. Η καταλληλότητα εξαρτάται από το είδος του θορύβου και τη λεπτομέρεια της εικόνας."
780_low.png,780,780_high.png,Salt & Pepper noise,Denoising,Median filter,filter only,"3x3 median",0.000182729932931778,37.3819030518002,0.00542551198257079,0.0539818953450141,0.00423773279886468,0.689320226161074,0.923647601773901,98.6983333333333,0,"Το φίλτρο μειώνει αισθητά τον θόρυβο, με κέρδος PSNR 20.97 dB. Παρατηρείται πιθανή θόλωση λεπτομερειών και ακμών. Το median filter είναι ιδιαίτερα κατάλληλο για Salt & Pepper θόρυβο."
780_low.png,780,780_high.png,Salt & Pepper noise,Denoising,Wiener filter,filter only,"5x5 adaptive Wiener",0.00818526927045972,20.8696702904969,0.0280154995588637,0.0756063686089588,0.0223965321223947,3.64307598439641,0.192415519860789,95.7679166666667,0,"Το φίλτρο μειώνει αισθητά τον θόρυβο, με κέρδος PSNR 4.46 dB. Οι ακμές παραμένουν έντονες, αλλά μπορεί να παραμένει και θόρυβος. Το Wiener filter προσαρμόζεται στην τοπική διακύμανση της εικόνας."
780_low.png,780,780_high.png,Salt & Pepper noise,Final enhanced image,Gaussian filter,denoise -> enhance,"gamma 0.6 + contrast stretch",0.0120144103872075,19.2029753754135,0.0673622666710606,0.105940862180575,0.0363382352434063,2.12771762242758,0.292357436575662,68.3933333333333,0,"Η σειρά πρώτα ενίσχυση και μετά αποθορυβοποίηση δίνει καλύτερη ποσοτική προσέγγιση στην καθαρή βελτιωμένη εικόνα. Για Salt & Pepper noise με Gaussian filter, το PSNR είναι 19.20 dB."
780_low.png,780,780_high.png,Salt & Pepper noise,Final enhanced image,Gaussian filter,enhance -> denoise,"gamma 0.6 + contrast stretch",0.00452656479977214,23.4423125813187,0.0520405981826036,0.0799918538545479,0.0183896430179901,1.07677126468682,0.570441729441257,93.0208333333333,0,"Η σειρά πρώτα ενίσχυση και μετά αποθορυβοποίηση δίνει καλύτερη ποσοτική προσέγγιση στην καθαρή βελτιωμένη εικόνα. Για Salt & Pepper noise με Gaussian filter, το PSNR είναι 23.44 dB."
780_low.png,780,780_high.png,Salt & Pepper noise,Final enhanced image,Median filter,denoise -> enhance,"gamma 0.6 + contrast stretch",0.00377354350763252,24.2325063838073,0.0485026852350131,0.0833769396296635,0.00848348106011084,0.496734418449882,0.899847288016501,95.2895833333333,0,"Η σειρά πρώτα αποθορυβοποίηση και μετά ενίσχυση δίνει καλύτερη ποσοτική προσέγγιση στην καθαρή βελτιωμένη εικόνα. Για Salt & Pepper noise με Median filter, το PSNR είναι 24.23 dB."
780_low.png,780,780_high.png,Salt & Pepper noise,Final enhanced image,Median filter,enhance -> denoise,"gamma 0.6 + contrast stretch",0.00377354350763252,24.2325063838073,0.0485026852350131,0.0833769396296635,0.00848348106011084,0.496734418449882,0.899847288016501,95.2895833333333,0,"Η σειρά πρώτα αποθορυβοποίηση και μετά ενίσχυση δίνει καλύτερη ποσοτική προσέγγιση στην καθαρή βελτιωμένη εικόνα. Για Salt & Pepper noise με Median filter, το PSNR είναι 24.23 dB."
